spotId,status,weight,reportedAt
1,OCCUPIED,1.30,2026-06-01T11:57:00.000Z
1,OCCUPIED,1.09,2026-06-04T14:16:00.000Z
1,OCCUPIED,0.97,2026-06-05T10:47:00.000Z
1,FREE,0.91,2026-06-06T22:50:00.000Z
1,FREE,0.65,2026-06-06T07:28:00.000Z
1,FREE,1.14,2026-06-07T15:09:00.000Z
1,FREE,0.61,2026-06-08T13:01:00.000Z
1,OCCUPIED,1.18,2026-06-09T20:25:00.000Z
1,OCCUPIED,1.28,2026-06-09T19:09:00.000Z
1,OCCUPIED,1.02,2026-06-12T09:27:00.000Z
1,OCCUPIED,0.53,2026-06-12T18:16:00.000Z
1,FREE,0.80,2026-06-13T08:23:00.000Z
1,OCCUPIED,0.78,2026-06-13T08:56:00.000Z
1,FREE,1.19,2026-06-16T11:53:00.000Z
1,OCCUPIED,1.14,2026-06-18T17:38:00.000Z
1,OCCUPIED,0.89,2026-06-19T12:46:00.000Z
1,OCCUPIED,1.02,2026-06-20T08:35:00.000Z
1,FREE,1.39,2026-06-21T17:11:00.000Z
1,FREE,0.62,2026-06-23T14:29:00.000Z
1,OCCUPIED,1.05,2026-06-24T09:06:00.000Z
1,FREE,1.41,2026-06-25T21:17:00.000Z
1,OCCUPIED,1.06,2026-06-25T18:13:00.000Z
1,OCCUPIED,0.76,2026-06-26T13:57:00.000Z
1,OCCUPIED,1.48,2026-06-27T13:10:00.000Z
1,OCCUPIED,0.70,2026-06-29T17:58:00.000Z
1,OCCUPIED,0.66,2026-07-01T15:06:00.000Z
1,OCCUPIED,1.27,2026-07-01T09:38:00.000Z
1,OCCUPIED,0.87,2026-07-02T09:29:00.000Z
1,OCCUPIED,0.56,2026-07-03T09:03:00.000Z
1,FREE,0.57,2026-07-04T21:54:00.000Z
1,FREE,1.50,2026-07-07T17:19:00.000Z
1,FREE,0.62,2026-07-07T18:37:00.000Z
1,FREE,1.15,2026-07-08T16:11:00.000Z
1,FREE,0.72,2026-07-11T09:07:00.000Z
1,FREE,0.65,2026-07-12T07:22:00.000Z
1,OCCUPIED,0.65,2026-07-13T12:16:00.000Z
1,FREE,0.70,2026-07-13T07:07:00.000Z
1,OCCUPIED,1.07,2026-07-14T13:07:00.000Z
1,OCCUPIED,0.64,2026-07-15T11:22:00.000Z
1,OCCUPIED,0.51,2026-07-16T12:15:00.000Z
1,FREE,0.59,2026-07-17T18:18:00.000Z
1,FREE,1.27,2026-07-18T17:38:00.000Z
1,FREE,1.18,2026-07-20T21:24:00.000Z
1,FREE,1.48,2026-07-21T20:15:00.000Z
1,OCCUPIED,0.56,2026-07-22T17:46:00.000Z
1,OCCUPIED,0.93,2026-07-23T17:06:00.000Z
1,OCCUPIED,1.17,2026-07-24T12:46:00.000Z
1,FREE,0.69,2026-07-26T16:36:00.000Z
2,OCCUPIED,0.65,2026-06-01T22:57:00.000Z
2,OCCUPIED,1.31,2026-06-01T07:34:00.000Z
2,OCCUPIED,1.10,2026-06-02T09:58:00.000Z
2,OCCUPIED,1.33,2026-06-02T11:34:00.000Z
2,OCCUPIED,0.62,2026-06-04T18:44:00.000Z
2,OCCUPIED,0.75,2026-06-05T09:05:00.000Z
2,OCCUPIED,0.97,2026-06-05T11:57:00.000Z
2,FREE,1.37,2026-06-07T11:00:00.000Z
2,OCCUPIED,0.81,2026-06-08T10:44:00.000Z
2,OCCUPIED,1.11,2026-06-09T11:52:00.000Z
2,FREE,1.38,2026-06-09T18:41:00.000Z
2,OCCUPIED,1.40,2026-06-11T18:42:00.000Z
2,FREE,1.18,2026-06-12T18:55:00.000Z
2,OCCUPIED,0.54,2026-06-14T20:32:00.000Z
2,OCCUPIED,1.01,2026-06-15T10:33:00.000Z
2,OCCUPIED,0.60,2026-06-16T17:16:00.000Z
2,OCCUPIED,0.64,2026-06-18T11:11:00.000Z
2,OCCUPIED,0.61,2026-06-20T19:29:00.000Z
2,OCCUPIED,1.39,2026-06-20T12:03:00.000Z
2,OCCUPIED,0.90,2026-06-21T16:07:00.000Z
2,OCCUPIED,1.28,2026-06-22T11:13:00.000Z
2,OCCUPIED,1.00,2026-06-23T10:44:00.000Z
2,OCCUPIED,1.37,2026-06-25T11:16:00.000Z
2,OCCUPIED,1.24,2026-06-29T15:12:00.000Z
2,FREE,1.20,2026-06-29T08:18:00.000Z
2,OCCUPIED,1.01,2026-07-01T11:49:00.000Z
2,OCCUPIED,0.86,2026-07-02T11:36:00.000Z
2,FREE,0.74,2026-07-03T21:46:00.000Z
2,FREE,1.36,2026-07-04T13:35:00.000Z
2,FREE,1.03,2026-07-04T07:27:00.000Z
2,FREE,1.25,2026-07-05T19:13:00.000Z
2,OCCUPIED,1.14,2026-07-06T12:42:00.000Z
2,OCCUPIED,1.23,2026-07-09T14:02:00.000Z
2,FREE,1.16,2026-07-11T18:44:00.000Z
2,OCCUPIED,0.91,2026-07-12T09:01:00.000Z
2,OCCUPIED,0.84,2026-07-13T19:04:00.000Z
2,OCCUPIED,1.18,2026-07-14T09:08:00.000Z
2,OCCUPIED,0.53,2026-07-15T13:19:00.000Z
2,OCCUPIED,1.20,2026-07-17T19:12:00.000Z
2,OCCUPIED,1.15,2026-07-18T14:34:00.000Z
2,OCCUPIED,1.29,2026-07-19T11:04:00.000Z
2,FREE,1.19,2026-07-19T19:43:00.000Z
2,OCCUPIED,1.23,2026-07-20T10:42:00.000Z
2,OCCUPIED,0.63,2026-07-23T13:28:00.000Z
2,OCCUPIED,0.54,2026-07-25T11:23:00.000Z
2,FREE,0.72,2026-07-26T15:45:00.000Z
3,OCCUPIED,0.82,2026-06-01T12:46:00.000Z
3,OCCUPIED,0.80,2026-06-02T17:18:00.000Z
3,FREE,1.18,2026-06-05T13:47:00.000Z
3,OCCUPIED,0.96,2026-06-08T10:48:00.000Z
3,OCCUPIED,1.38,2026-06-09T13:39:00.000Z
3,OCCUPIED,1.15,2026-06-10T19:29:00.000Z
3,FREE,1.16,2026-06-13T21:31:00.000Z
3,OCCUPIED,0.87,2026-06-15T10:40:00.000Z
3,FREE,0.86,2026-06-16T18:46:00.000Z
3,FREE,1.42,2026-06-17T09:59:00.000Z
3,OCCUPIED,0.78,2026-06-18T17:20:00.000Z
3,OCCUPIED,1.16,2026-06-19T18:22:00.000Z
3,OCCUPIED,0.95,2026-06-20T08:56:00.000Z
3,FREE,1.48,2026-06-20T19:10:00.000Z
3,OCCUPIED,1.30,2026-06-23T13:28:00.000Z
3,OCCUPIED,0.92,2026-06-24T11:26:00.000Z
3,FREE,1.18,2026-06-25T16:10:00.000Z
3,OCCUPIED,0.69,2026-06-26T10:22:00.000Z
3,OCCUPIED,0.95,2026-06-27T12:47:00.000Z
3,FREE,0.61,2026-06-28T18:59:00.000Z
3,FREE,0.62,2026-06-29T10:39:00.000Z
3,OCCUPIED,1.39,2026-06-29T12:31:00.000Z
3,FREE,1.27,2026-06-30T21:03:00.000Z
3,FREE,1.36,2026-07-01T17:14:00.000Z
3,OCCUPIED,1.11,2026-07-02T10:51:00.000Z
3,FREE,1.47,2026-07-02T08:06:00.000Z
3,FREE,0.51,2026-07-03T20:35:00.000Z
3,FREE,1.24,2026-07-04T13:53:00.000Z
3,FREE,0.88,2026-07-05T11:29:00.000Z
3,FREE,0.62,2026-07-08T21:27:00.000Z
3,FREE,0.85,2026-07-09T14:25:00.000Z
3,OCCUPIED,1.02,2026-07-10T09:52:00.000Z
3,OCCUPIED,0.63,2026-07-11T11:14:00.000Z
3,OCCUPIED,1.08,2026-07-12T07:06:00.000Z
3,FREE,0.73,2026-07-13T12:56:00.000Z
3,FREE,0.88,2026-07-14T14:59:00.000Z
3,FREE,1.28,2026-07-15T11:11:00.000Z
3,OCCUPIED,1.40,2026-07-16T13:26:00.000Z
3,OCCUPIED,1.07,2026-07-20T17:35:00.000Z
3,OCCUPIED,0.99,2026-07-21T11:49:00.000Z
3,FREE,1.50,2026-07-22T20:46:00.000Z
3,OCCUPIED,1.00,2026-07-23T13:35:00.000Z
3,FREE,1.46,2026-07-24T08:08:00.000Z
3,OCCUPIED,1.09,2026-07-25T10:22:00.000Z
3,OCCUPIED,1.19,2026-07-25T11:31:00.000Z
4,FREE,0.74,2026-06-02T15:56:00.000Z
4,OCCUPIED,0.63,2026-06-03T22:18:00.000Z
4,OCCUPIED,0.55,2026-06-04T09:16:00.000Z
4,OCCUPIED,1.24,2026-06-06T09:06:00.000Z
4,OCCUPIED,1.10,2026-06-06T10:50:00.000Z
4,FREE,1.05,2026-06-07T22:16:00.000Z
4,FREE,1.04,2026-06-07T11:26:00.000Z
4,OCCUPIED,1.33,2026-06-11T12:42:00.000Z
4,FREE,0.83,2026-06-12T11:41:00.000Z
4,OCCUPIED,0.79,2026-06-13T17:02:00.000Z
4,OCCUPIED,1.40,2026-06-13T15:01:00.000Z
4,OCCUPIED,0.95,2026-06-15T12:49:00.000Z
4,FREE,1.26,2026-06-17T18:47:00.000Z
4,FREE,0.78,2026-06-18T15:56:00.000Z
4,FREE,0.67,2026-06-20T12:27:00.000Z
4,OCCUPIED,0.95,2026-06-21T13:58:00.000Z
4,FREE,1.25,2026-06-22T09:29:00.000Z
4,FREE,1.18,2026-06-24T21:01:00.000Z
4,OCCUPIED,1.38,2026-06-26T21:24:00.000Z
4,OCCUPIED,0.98,2026-06-27T19:48:00.000Z
4,FREE,1.35,2026-06-28T12:02:00.000Z
4,OCCUPIED,1.36,2026-06-30T16:02:00.000Z
4,FREE,0.70,2026-07-03T08:11:00.000Z
4,FREE,0.99,2026-07-04T16:04:00.000Z
4,FREE,1.31,2026-07-04T17:28:00.000Z
4,OCCUPIED,0.90,2026-07-06T12:35:00.000Z
4,FREE,0.95,2026-07-06T15:29:00.000Z
4,OCCUPIED,0.52,2026-07-07T13:53:00.000Z
4,FREE,0.88,2026-07-08T17:52:00.000Z
4,OCCUPIED,1.23,2026-07-09T17:44:00.000Z
4,FREE,1.09,2026-07-10T10:17:00.000Z
4,FREE,1.31,2026-07-11T17:32:00.000Z
4,FREE,0.95,2026-07-12T07:15:00.000Z
4,OCCUPIED,0.77,2026-07-13T19:24:00.000Z
4,FREE,1.38,2026-07-15T13:44:00.000Z
4,FREE,0.55,2026-07-15T08:38:00.000Z
4,FREE,0.91,2026-07-16T09:33:00.000Z
4,OCCUPIED,0.56,2026-07-17T17:16:00.000Z
4,OCCUPIED,1.32,2026-07-17T17:02:00.000Z
4,FREE,0.96,2026-07-19T11:42:00.000Z
4,OCCUPIED,0.93,2026-07-22T18:19:00.000Z
4,OCCUPIED,0.72,2026-07-24T17:43:00.000Z
4,OCCUPIED,0.52,2026-07-26T18:46:00.000Z
5,OCCUPIED,1.05,2026-06-01T13:32:00.000Z
5,FREE,1.20,2026-06-02T15:55:00.000Z
5,FREE,0.98,2026-06-03T11:38:00.000Z
5,OCCUPIED,1.17,2026-06-04T09:52:00.000Z
5,OCCUPIED,1.10,2026-06-05T18:06:00.000Z
5,FREE,0.72,2026-06-06T20:18:00.000Z
5,FREE,0.60,2026-06-08T12:10:00.000Z
5,FREE,0.91,2026-06-10T07:15:00.000Z
5,FREE,1.49,2026-06-11T19:10:00.000Z
5,OCCUPIED,0.79,2026-06-12T17:37:00.000Z
5,FREE,0.63,2026-06-14T14:44:00.000Z
5,OCCUPIED,0.55,2026-06-15T13:30:00.000Z
5,FREE,0.56,2026-06-16T14:14:00.000Z
5,OCCUPIED,0.77,2026-06-17T19:15:00.000Z
5,OCCUPIED,1.39,2026-06-18T12:40:00.000Z
5,OCCUPIED,0.65,2026-06-19T17:11:00.000Z
5,OCCUPIED,0.97,2026-06-19T09:17:00.000Z
5,OCCUPIED,1.19,2026-06-20T19:34:00.000Z
5,FREE,0.86,2026-06-21T13:32:00.000Z
5,FREE,1.33,2026-06-21T19:33:00.000Z
5,OCCUPIED,0.70,2026-06-22T12:08:00.000Z
5,OCCUPIED,1.10,2026-06-22T13:15:00.000Z
5,OCCUPIED,1.45,2026-06-23T16:51:00.000Z
5,FREE,0.83,2026-06-23T21:44:00.000Z
5,OCCUPIED,0.71,2026-06-25T17:14:00.000Z
5,FREE,1.08,2026-06-26T13:33:00.000Z
5,OCCUPIED,0.60,2026-06-27T12:59:00.000Z
5,OCCUPIED,1.03,2026-06-28T10:10:00.000Z
5,FREE,0.95,2026-06-29T14:12:00.000Z
5,OCCUPIED,1.42,2026-06-30T22:32:00.000Z
5,FREE,0.94,2026-06-30T13:36:00.000Z
5,OCCUPIED,0.67,2026-07-01T12:56:00.000Z
5,OCCUPIED,0.76,2026-07-02T08:16:00.000Z
5,OCCUPIED,1.32,2026-07-03T09:56:00.000Z
5,FREE,0.96,2026-07-04T19:04:00.000Z
5,OCCUPIED,0.82,2026-07-05T13:10:00.000Z
5,OCCUPIED,1.07,2026-07-05T13:07:00.000Z
5,OCCUPIED,0.55,2026-07-07T11:32:00.000Z
5,FREE,1.49,2026-07-08T18:14:00.000Z
5,OCCUPIED,1.28,2026-07-10T11:53:00.000Z
5,OCCUPIED,1.16,2026-07-11T17:00:00.000Z
5,FREE,0.87,2026-07-13T09:08:00.000Z
5,OCCUPIED,1.44,2026-07-14T11:50:00.000Z
5,OCCUPIED,0.97,2026-07-14T10:06:00.000Z
5,FREE,0.51,2026-07-16T08:01:00.000Z
5,FREE,1.24,2026-07-17T17:06:00.000Z
5,OCCUPIED,1.32,2026-07-18T11:38:00.000Z
5,OCCUPIED,1.47,2026-07-21T10:01:00.000Z
5,OCCUPIED,0.90,2026-07-22T09:10:00.000Z
5,FREE,0.89,2026-07-25T12:02:00.000Z
5,FREE,0.56,2026-07-25T07:29:00.000Z
5,FREE,0.68,2026-07-26T17:22:00.000Z
6,OCCUPIED,0.97,2026-06-01T13:58:00.000Z
6,FREE,1.11,2026-06-06T08:00:00.000Z
6,OCCUPIED,0.65,2026-06-07T19:58:00.000Z
6,FREE,1.20,2026-06-08T11:01:00.000Z
6,FREE,0.50,2026-06-10T15:31:00.000Z
6,OCCUPIED,1.03,2026-06-11T11:57:00.000Z
6,FREE,0.89,2026-06-12T12:39:00.000Z
6,FREE,1.29,2026-06-14T11:54:00.000Z
6,FREE,0.67,2026-06-15T18:51:00.000Z
6,FREE,1.37,2026-06-17T13:31:00.000Z
6,FREE,0.74,2026-06-20T16:44:00.000Z
6,FREE,0.75,2026-06-22T13:27:00.000Z
6,OCCUPIED,0.80,2026-06-24T13:24:00.000Z
6,OCCUPIED,1.27,2026-06-26T12:35:00.000Z
6,OCCUPIED,0.65,2026-06-27T17:43:00.000Z
6,OCCUPIED,1.32,2026-06-28T09:20:00.000Z
6,FREE,1.16,2026-06-29T18:19:00.000Z
6,OCCUPIED,0.71,2026-06-29T16:20:00.000Z
6,FREE,0.85,2026-06-30T16:50:00.000Z
6,FREE,0.70,2026-06-30T09:51:00.000Z
6,OCCUPIED,0.93,2026-07-02T11:52:00.000Z
6,OCCUPIED,0.74,2026-07-02T10:53:00.000Z
6,OCCUPIED,0.56,2026-07-04T11:02:00.000Z
6,FREE,1.48,2026-07-05T07:37:00.000Z
6,FREE,0.68,2026-07-06T13:12:00.000Z
6,FREE,1.19,2026-07-08T17:25:00.000Z
6,FREE,0.62,2026-07-09T19:46:00.000Z
6,FREE,0.56,2026-07-10T13:45:00.000Z
6,OCCUPIED,1.09,2026-07-11T19:02:00.000Z
6,OCCUPIED,0.75,2026-07-14T09:46:00.000Z
6,OCCUPIED,1.48,2026-07-15T09:59:00.000Z
6,OCCUPIED,1.36,2026-07-18T18:09:00.000Z
6,OCCUPIED,1.49,2026-07-20T18:59:00.000Z
6,OCCUPIED,1.36,2026-07-21T12:45:00.000Z
6,OCCUPIED,0.51,2026-07-24T11:26:00.000Z
6,OCCUPIED,1.34,2026-07-24T12:06:00.000Z
6,OCCUPIED,0.73,2026-07-25T11:53:00.000Z
6,FREE,1.06,2026-07-26T14:21:00.000Z
7,FREE,1.14,2026-06-01T21:30:00.000Z
7,FREE,1.13,2026-06-01T15:49:00.000Z
7,FREE,0.74,2026-06-04T22:06:00.000Z
7,FREE,1.39,2026-06-06T16:24:00.000Z
7,OCCUPIED,1.29,2026-06-07T21:13:00.000Z
7,OCCUPIED,1.06,2026-06-08T19:31:00.000Z
7,FREE,1.11,2026-06-10T11:38:00.000Z
7,OCCUPIED,0.73,2026-06-12T17:37:00.000Z
7,FREE,1.36,2026-06-13T13:17:00.000Z
7,FREE,0.56,2026-06-13T09:22:00.000Z
7,OCCUPIED,0.98,2026-06-14T16:12:00.000Z
7,OCCUPIED,0.79,2026-06-15T14:10:00.000Z
7,OCCUPIED,0.62,2026-06-16T09:07:00.000Z
7,FREE,0.61,2026-06-17T09:06:00.000Z
7,FREE,1.49,2026-06-18T21:38:00.000Z
7,OCCUPIED,0.78,2026-06-20T13:35:00.000Z
7,FREE,1.44,2026-06-21T11:54:00.000Z
7,FREE,1.11,2026-06-22T12:23:00.000Z
7,FREE,0.52,2026-06-24T08:57:00.000Z
7,OCCUPIED,1.41,2026-06-25T10:27:00.000Z
7,OCCUPIED,0.83,2026-06-30T22:14:00.000Z
7,OCCUPIED,1.20,2026-06-30T19:49:00.000Z
7,FREE,0.61,2026-07-02T18:33:00.000Z
7,OCCUPIED,1.42,2026-07-03T22:37:00.000Z
7,FREE,0.81,2026-07-04T21:23:00.000Z
7,FREE,1.18,2026-07-05T16:26:00.000Z
7,OCCUPIED,1.23,2026-07-06T12:24:00.000Z
7,OCCUPIED,0.69,2026-07-07T13:34:00.000Z
7,OCCUPIED,0.96,2026-07-09T13:07:00.000Z
7,FREE,0.87,2026-07-10T10:11:00.000Z
7,OCCUPIED,1.50,2026-07-11T14:03:00.000Z
7,FREE,0.59,2026-07-12T20:25:00.000Z
7,OCCUPIED,1.24,2026-07-12T15:29:00.000Z
7,FREE,0.80,2026-07-14T08:19:00.000Z
7,OCCUPIED,1.49,2026-07-15T14:27:00.000Z
7,FREE,0.69,2026-07-15T12:51:00.000Z
7,FREE,1.48,2026-07-19T09:52:00.000Z
7,FREE,0.67,2026-07-20T14:01:00.000Z
7,OCCUPIED,0.50,2026-07-21T16:48:00.000Z
7,OCCUPIED,1.02,2026-07-22T11:01:00.000Z
7,FREE,0.86,2026-07-22T09:01:00.000Z
7,FREE,1.26,2026-07-24T14:52:00.000Z
7,FREE,0.58,2026-07-25T16:31:00.000Z
7,FREE,1.37,2026-07-26T14:21:00.000Z
8,OCCUPIED,1.50,2026-06-03T12:39:00.000Z
8,OCCUPIED,0.84,2026-06-03T09:45:00.000Z
8,FREE,1.39,2026-06-05T12:43:00.000Z
8,FREE,1.08,2026-06-05T11:59:00.000Z
8,FREE,1.02,2026-06-06T11:41:00.000Z
8,FREE,0.63,2026-06-08T18:11:00.000Z
8,OCCUPIED,0.93,2026-06-08T08:31:00.000Z
8,FREE,1.41,2026-06-09T14:21:00.000Z
8,FREE,0.98,2026-06-10T10:46:00.000Z
8,OCCUPIED,1.35,2026-06-12T12:09:00.000Z
8,FREE,0.62,2026-06-13T09:26:00.000Z
8,FREE,0.93,2026-06-13T09:00:00.000Z
8,FREE,0.63,2026-06-14T20:44:00.000Z
8,OCCUPIED,0.89,2026-06-15T16:03:00.000Z
8,FREE,0.79,2026-06-18T15:57:00.000Z
8,FREE,0.61,2026-06-20T11:03:00.000Z
8,OCCUPIED,0.98,2026-06-20T14:36:00.000Z
8,OCCUPIED,0.96,2026-06-23T11:01:00.000Z
8,FREE,1.33,2026-06-24T16:56:00.000Z
8,OCCUPIED,1.12,2026-06-25T13:54:00.000Z
8,FREE,1.42,2026-06-26T08:00:00.000Z
8,FREE,0.54,2026-06-27T11:49:00.000Z
8,FREE,0.79,2026-06-28T10:09:00.000Z
8,OCCUPIED,1.33,2026-06-29T09:52:00.000Z
8,OCCUPIED,1.22,2026-06-30T07:12:00.000Z
8,FREE,0.82,2026-07-04T11:23:00.000Z
8,FREE,1.10,2026-07-05T07:26:00.000Z
8,FREE,0.80,2026-07-06T18:03:00.000Z
8,FREE,1.45,2026-07-08T19:25:00.000Z
8,OCCUPIED,0.90,2026-07-08T09:31:00.000Z
8,FREE,0.96,2026-07-09T22:26:00.000Z
8,FREE,0.90,2026-07-09T19:22:00.000Z
8,OCCUPIED,1.03,2026-07-10T09:07:00.000Z
8,OCCUPIED,1.42,2026-07-12T11:44:00.000Z
8,FREE,1.14,2026-07-13T18:20:00.000Z
8,OCCUPIED,0.98,2026-07-15T11:58:00.000Z
8,OCCUPIED,1.09,2026-07-17T15:06:00.000Z
8,FREE,0.59,2026-07-17T18:22:00.000Z
8,OCCUPIED,1.48,2026-07-18T13:47:00.000Z
8,FREE,0.67,2026-07-18T18:37:00.000Z
8,OCCUPIED,0.69,2026-07-19T18:04:00.000Z
8,OCCUPIED,1.34,2026-07-23T18:11:00.000Z
8,FREE,1.46,2026-07-24T17:07:00.000Z
8,OCCUPIED,0.90,2026-07-25T13:31:00.000Z
9,FREE,0.70,2026-06-01T19:15:00.000Z
9,FREE,1.23,2026-06-02T09:03:00.000Z
9,FREE,1.38,2026-06-02T19:19:00.000Z
9,OCCUPIED,0.81,2026-06-03T13:07:00.000Z
9,FREE,0.71,2026-06-04T20:16:00.000Z
9,FREE,1.48,2026-06-05T13:29:00.000Z
9,FREE,1.39,2026-06-06T12:13:00.000Z
9,OCCUPIED,1.31,2026-06-07T10:02:00.000Z
9,FREE,1.36,2026-06-08T19:09:00.000Z
9,FREE,0.59,2026-06-09T08:53:00.000Z
9,FREE,1.06,2026-06-10T10:39:00.000Z
9,FREE,0.92,2026-06-11T19:19:00.000Z
9,OCCUPIED,0.61,2026-06-12T09:54:00.000Z
9,OCCUPIED,1.04,2026-06-13T22:31:00.000Z
9,FREE,1.19,2026-06-13T19:24:00.000Z
9,FREE,0.82,2026-06-14T10:40:00.000Z
9,FREE,1.20,2026-06-16T17:45:00.000Z
9,FREE,0.64,2026-06-16T15:09:00.000Z
9,OCCUPIED,0.72,2026-06-17T18:48:00.000Z
9,FREE,1.20,2026-06-17T14:40:00.000Z
9,OCCUPIED,0.95,2026-06-19T17:01:00.000Z
9,FREE,1.29,2026-06-20T14:55:00.000Z
9,OCCUPIED,1.18,2026-06-22T13:43:00.000Z
9,FREE,0.79,2026-06-24T11:11:00.000Z
9,FREE,1.02,2026-06-25T12:36:00.000Z
9,FREE,1.28,2026-06-26T08:42:00.000Z
9,OCCUPIED,0.90,2026-06-27T16:12:00.000Z
9,FREE,0.69,2026-06-28T17:06:00.000Z
9,OCCUPIED,0.50,2026-06-30T10:24:00.000Z
9,OCCUPIED,1.32,2026-07-01T13:53:00.000Z
9,OCCUPIED,1.42,2026-07-02T13:56:00.000Z
9,FREE,1.24,2026-07-03T16:50:00.000Z
9,OCCUPIED,0.98,2026-07-03T11:54:00.000Z
9,OCCUPIED,1.40,2026-07-04T13:51:00.000Z
9,OCCUPIED,1.40,2026-07-06T13:03:00.000Z
9,OCCUPIED,0.87,2026-07-07T09:16:00.000Z
9,OCCUPIED,0.53,2026-07-08T19:28:00.000Z
9,FREE,1.45,2026-07-09T12:16:00.000Z
9,FREE,1.48,2026-07-11T12:43:00.000Z
9,FREE,1.00,2026-07-12T13:16:00.000Z
9,OCCUPIED,0.80,2026-07-13T11:56:00.000Z
9,OCCUPIED,1.46,2026-07-14T13:59:00.000Z
9,FREE,0.61,2026-07-14T16:01:00.000Z
9,FREE,0.57,2026-07-15T12:38:00.000Z
9,FREE,1.06,2026-07-17T11:44:00.000Z
9,FREE,0.75,2026-07-18T11:01:00.000Z
9,OCCUPIED,1.41,2026-07-18T09:31:00.000Z
9,OCCUPIED,1.19,2026-07-20T13:11:00.000Z
9,OCCUPIED,0.51,2026-07-21T09:53:00.000Z
9,OCCUPIED,1.49,2026-07-22T18:50:00.000Z
9,FREE,0.89,2026-07-26T18:57:00.000Z
10,OCCUPIED,1.30,2026-06-03T13:49:00.000Z
10,OCCUPIED,0.63,2026-06-05T14:37:00.000Z
10,FREE,1.40,2026-06-06T20:12:00.000Z
10,FREE,1.47,2026-06-07T19:24:00.000Z
10,OCCUPIED,0.79,2026-06-07T11:41:00.000Z
10,FREE,0.92,2026-06-08T15:41:00.000Z
10,OCCUPIED,1.37,2026-06-10T11:31:00.000Z
10,FREE,1.16,2026-06-11T16:55:00.000Z
10,FREE,1.03,2026-06-12T14:23:00.000Z
10,OCCUPIED,1.39,2026-06-13T09:23:00.000Z
10,OCCUPIED,1.26,2026-06-15T18:50:00.000Z
10,OCCUPIED,1.06,2026-06-16T10:29:00.000Z
10,OCCUPIED,0.97,2026-06-18T17:42:00.000Z
10,OCCUPIED,0.62,2026-06-19T11:35:00.000Z
10,OCCUPIED,1.12,2026-06-19T13:16:00.000Z
10,OCCUPIED,0.60,2026-06-20T09:07:00.000Z
10,OCCUPIED,0.55,2026-06-21T12:21:00.000Z
10,OCCUPIED,1.13,2026-06-22T14:04:00.000Z
10,OCCUPIED,1.30,2026-06-23T11:59:00.000Z
10,OCCUPIED,1.07,2026-06-23T19:33:00.000Z
10,FREE,1.32,2026-06-24T20:11:00.000Z
10,OCCUPIED,1.34,2026-06-24T15:51:00.000Z
10,OCCUPIED,1.47,2026-06-25T10:20:00.000Z
10,OCCUPIED,0.84,2026-06-26T12:37:00.000Z
10,OCCUPIED,0.87,2026-06-28T12:13:00.000Z
10,OCCUPIED,0.93,2026-06-29T11:22:00.000Z
10,OCCUPIED,1.21,2026-06-30T18:44:00.000Z
10,FREE,0.79,2026-06-30T20:07:00.000Z
10,OCCUPIED,0.61,2026-07-01T12:51:00.000Z
10,OCCUPIED,1.11,2026-07-01T11:15:00.000Z
10,OCCUPIED,1.35,2026-07-03T18:42:00.000Z
10,OCCUPIED,0.54,2026-07-03T18:16:00.000Z
10,OCCUPIED,1.40,2026-07-04T12:29:00.000Z
10,OCCUPIED,1.13,2026-07-06T12:53:00.000Z
10,OCCUPIED,1.07,2026-07-07T12:08:00.000Z
10,OCCUPIED,1.19,2026-07-09T11:29:00.000Z
10,OCCUPIED,1.40,2026-07-09T09:09:00.000Z
10,OCCUPIED,1.48,2026-07-10T10:42:00.000Z
10,OCCUPIED,1.47,2026-07-12T19:14:00.000Z
10,FREE,0.89,2026-07-14T07:18:00.000Z
10,OCCUPIED,1.08,2026-07-14T19:30:00.000Z
10,OCCUPIED,0.72,2026-07-20T17:35:00.000Z
10,OCCUPIED,0.52,2026-07-20T18:40:00.000Z
10,OCCUPIED,1.26,2026-07-21T12:11:00.000Z
10,OCCUPIED,1.07,2026-07-21T10:39:00.000Z
10,OCCUPIED,1.30,2026-07-22T18:21:00.000Z
10,OCCUPIED,0.59,2026-07-23T16:15:00.000Z
10,OCCUPIED,1.46,2026-07-24T08:50:00.000Z
10,OCCUPIED,1.04,2026-07-25T09:41:00.000Z
11,OCCUPIED,0.66,2026-06-03T16:11:00.000Z
11,OCCUPIED,1.32,2026-06-03T15:00:00.000Z
11,OCCUPIED,0.98,2026-06-04T19:46:00.000Z
11,FREE,0.70,2026-06-04T09:20:00.000Z
11,OCCUPIED,1.33,2026-06-05T18:03:00.000Z
11,OCCUPIED,0.57,2026-06-05T09:13:00.000Z
11,OCCUPIED,1.02,2026-06-06T19:12:00.000Z
11,OCCUPIED,1.34,2026-06-08T13:27:00.000Z
11,FREE,1.13,2026-06-09T21:05:00.000Z
11,OCCUPIED,1.10,2026-06-10T07:00:00.000Z
11,OCCUPIED,0.75,2026-06-11T11:23:00.000Z
11,OCCUPIED,1.44,2026-06-12T12:17:00.000Z
11,FREE,1.35,2026-06-13T16:08:00.000Z
11,OCCUPIED,0.93,2026-06-14T13:44:00.000Z
11,FREE,0.93,2026-06-15T15:51:00.000Z
11,FREE,1.25,2026-06-17T07:19:00.000Z
11,FREE,0.57,2026-06-20T10:31:00.000Z
11,OCCUPIED,1.43,2026-06-20T09:22:00.000Z
11,OCCUPIED,1.30,2026-06-22T17:46:00.000Z
11,FREE,0.61,2026-06-23T13:35:00.000Z
11,OCCUPIED,0.82,2026-06-25T11:50:00.000Z
11,OCCUPIED,0.76,2026-06-25T10:40:00.000Z
11,OCCUPIED,1.41,2026-06-26T12:52:00.000Z
11,OCCUPIED,0.62,2026-06-27T19:09:00.000Z
11,OCCUPIED,0.89,2026-06-29T16:06:00.000Z
11,OCCUPIED,1.00,2026-06-29T13:30:00.000Z
11,FREE,1.21,2026-06-30T17:47:00.000Z
11,OCCUPIED,0.58,2026-07-02T10:07:00.000Z
11,OCCUPIED,1.14,2026-07-02T09:41:00.000Z
11,OCCUPIED,0.88,2026-07-04T15:52:00.000Z
11,OCCUPIED,1.14,2026-07-05T18:44:00.000Z
11,FREE,0.62,2026-07-05T13:57:00.000Z
11,OCCUPIED,1.31,2026-07-06T17:40:00.000Z
11,FREE,0.96,2026-07-07T13:07:00.000Z
11,OCCUPIED,0.62,2026-07-08T14:06:00.000Z
11,FREE,0.81,2026-07-09T10:18:00.000Z
11,FREE,1.47,2026-07-10T13:47:00.000Z
11,OCCUPIED,1.03,2026-07-11T18:28:00.000Z
11,FREE,0.92,2026-07-13T07:28:00.000Z
11,OCCUPIED,1.10,2026-07-14T11:33:00.000Z
11,FREE,0.91,2026-07-15T13:31:00.000Z
11,FREE,0.59,2026-07-16T16:12:00.000Z
11,FREE,0.91,2026-07-17T10:35:00.000Z
11,FREE,0.79,2026-07-19T12:11:00.000Z
11,FREE,1.15,2026-07-19T20:01:00.000Z
11,OCCUPIED,1.18,2026-07-20T18:25:00.000Z
11,FREE,1.17,2026-07-21T10:50:00.000Z
11,FREE,1.02,2026-07-22T08:49:00.000Z
11,OCCUPIED,0.86,2026-07-26T09:40:00.000Z
12,FREE,1.22,2026-06-01T20:22:00.000Z
12,FREE,0.54,2026-06-01T15:12:00.000Z
12,FREE,1.23,2026-06-02T18:39:00.000Z
12,OCCUPIED,0.52,2026-06-03T12:24:00.000Z
12,OCCUPIED,0.99,2026-06-04T12:34:00.000Z
12,OCCUPIED,1.28,2026-06-05T17:40:00.000Z
12,FREE,0.73,2026-06-06T17:49:00.000Z
12,OCCUPIED,1.00,2026-06-07T10:07:00.000Z
12,FREE,0.86,2026-06-08T16:33:00.000Z
12,OCCUPIED,0.51,2026-06-09T15:53:00.000Z
12,FREE,0.61,2026-06-10T17:53:00.000Z
12,OCCUPIED,1.26,2026-06-12T10:35:00.000Z
12,FREE,0.58,2026-06-14T18:23:00.000Z
12,FREE,1.44,2026-06-14T13:00:00.000Z
12,OCCUPIED,0.94,2026-06-15T18:13:00.000Z
12,FREE,1.31,2026-06-16T07:25:00.000Z
12,FREE,1.22,2026-06-16T14:23:00.000Z
12,FREE,1.14,2026-06-17T19:37:00.000Z
12,OCCUPIED,1.38,2026-06-17T13:27:00.000Z
12,FREE,1.27,2026-06-21T09:08:00.000Z
12,FREE,1.18,2026-06-21T07:31:00.000Z
12,FREE,0.97,2026-06-22T18:25:00.000Z
12,OCCUPIED,1.04,2026-06-23T11:40:00.000Z
12,FREE,1.10,2026-06-24T09:37:00.000Z
12,FREE,1.26,2026-06-25T12:17:00.000Z
12,FREE,1.34,2026-06-25T14:35:00.000Z
12,FREE,1.20,2026-06-26T11:19:00.000Z
12,FREE,1.39,2026-06-28T14:54:00.000Z
12,OCCUPIED,1.44,2026-06-29T10:15:00.000Z
12,FREE,0.89,2026-06-30T09:56:00.000Z
12,FREE,0.67,2026-07-01T08:22:00.000Z
12,FREE,0.71,2026-07-03T09:25:00.000Z
12,OCCUPIED,0.88,2026-07-04T14:20:00.000Z
12,FREE,1.20,2026-07-05T18:12:00.000Z
12,FREE,1.32,2026-07-05T16:38:00.000Z
12,FREE,1.26,2026-07-08T11:59:00.000Z
12,OCCUPIED,1.20,2026-07-09T09:37:00.000Z
12,FREE,1.44,2026-07-10T13:12:00.000Z
12,OCCUPIED,0.73,2026-07-11T13:21:00.000Z
12,FREE,1.18,2026-07-12T07:37:00.000Z
12,FREE,1.17,2026-07-12T11:56:00.000Z
12,FREE,1.22,2026-07-13T13:02:00.000Z
12,OCCUPIED,0.57,2026-07-13T17:49:00.000Z
12,FREE,1.21,2026-07-14T08:56:00.000Z
12,OCCUPIED,0.89,2026-07-14T11:01:00.000Z
12,OCCUPIED,1.50,2026-07-15T11:50:00.000Z
12,OCCUPIED,1.20,2026-07-15T16:40:00.000Z
12,FREE,0.92,2026-07-17T21:49:00.000Z
12,OCCUPIED,1.07,2026-07-17T18:07:00.000Z
12,FREE,1.08,2026-07-18T09:12:00.000Z
12,FREE,1.43,2026-07-19T13:53:00.000Z
12,OCCUPIED,0.59,2026-07-20T11:03:00.000Z
12,FREE,1.26,2026-07-20T22:46:00.000Z
12,OCCUPIED,1.07,2026-07-21T18:50:00.000Z
12,FREE,0.66,2026-07-21T17:41:00.000Z
12,FREE,0.84,2026-07-23T22:45:00.000Z
12,OCCUPIED,1.39,2026-07-24T13:08:00.000Z
12,FREE,0.79,2026-07-25T07:29:00.000Z
12,FREE,0.52,2026-07-26T08:26:00.000Z
13,OCCUPIED,0.64,2026-06-01T11:08:00.000Z
13,FREE,1.09,2026-06-02T13:35:00.000Z
13,FREE,1.43,2026-06-04T16:35:00.000Z
13,FREE,1.18,2026-06-06T11:49:00.000Z
13,OCCUPIED,0.68,2026-06-08T13:34:00.000Z
13,FREE,1.48,2026-06-10T19:15:00.000Z
13,FREE,1.04,2026-06-11T09:06:00.000Z
13,FREE,0.57,2026-06-12T09:25:00.000Z
13,FREE,1.07,2026-06-13T18:22:00.000Z
13,OCCUPIED,0.87,2026-06-14T16:35:00.000Z
13,FREE,1.38,2026-06-15T09:01:00.000Z
13,OCCUPIED,0.66,2026-06-15T10:47:00.000Z
13,FREE,1.15,2026-06-16T10:40:00.000Z
13,FREE,0.56,2026-06-17T07:35:00.000Z
13,FREE,1.15,2026-06-18T11:02:00.000Z
13,OCCUPIED,1.28,2026-06-19T13:53:00.000Z
13,FREE,1.28,2026-06-20T08:36:00.000Z
13,FREE,0.92,2026-06-21T20:14:00.000Z
13,FREE,0.63,2026-06-23T10:01:00.000Z
13,OCCUPIED,1.26,2026-06-24T19:39:00.000Z
13,OCCUPIED,0.94,2026-06-25T18:46:00.000Z
13,OCCUPIED,0.58,2026-06-27T09:12:00.000Z
13,FREE,1.26,2026-06-27T11:44:00.000Z
13,FREE,1.25,2026-06-28T21:26:00.000Z
13,OCCUPIED,0.62,2026-06-29T10:08:00.000Z
13,OCCUPIED,0.73,2026-06-30T11:04:00.000Z
13,FREE,0.55,2026-06-30T19:32:00.000Z
13,FREE,0.93,2026-07-01T13:49:00.000Z
13,OCCUPIED,0.71,2026-07-03T21:19:00.000Z
13,FREE,0.72,2026-07-03T08:36:00.000Z
13,FREE,1.16,2026-07-05T22:38:00.000Z
13,FREE,1.24,2026-07-06T09:44:00.000Z
13,FREE,1.34,2026-07-09T17:50:00.000Z
13,FREE,1.13,2026-07-11T13:46:00.000Z
13,OCCUPIED,1.48,2026-07-12T11:46:00.000Z
13,FREE,0.81,2026-07-14T14:53:00.000Z
13,OCCUPIED,0.50,2026-07-15T17:36:00.000Z
13,OCCUPIED,1.31,2026-07-15T12:22:00.000Z
13,FREE,1.11,2026-07-19T10:11:00.000Z
13,FREE,1.07,2026-07-21T17:28:00.000Z
13,FREE,0.74,2026-07-22T18:27:00.000Z
13,FREE,0.73,2026-07-24T07:57:00.000Z
13,OCCUPIED,0.88,2026-07-26T15:26:00.000Z
14,OCCUPIED,1.15,2026-06-01T11:58:00.000Z
14,OCCUPIED,0.60,2026-06-03T12:51:00.000Z
14,FREE,0.57,2026-06-03T12:26:00.000Z
14,OCCUPIED,1.50,2026-06-05T12:56:00.000Z
14,OCCUPIED,0.50,2026-06-06T13:20:00.000Z
14,FREE,1.18,2026-06-07T10:59:00.000Z
14,FREE,1.22,2026-06-07T20:53:00.000Z
14,OCCUPIED,1.49,2026-06-08T18:17:00.000Z
14,OCCUPIED,1.44,2026-06-09T11:27:00.000Z
14,OCCUPIED,0.74,2026-06-10T16:43:00.000Z
14,OCCUPIED,1.17,2026-06-11T12:00:00.000Z
14,FREE,1.41,2026-06-12T14:42:00.000Z
14,FREE,1.22,2026-06-12T22:41:00.000Z
14,OCCUPIED,1.24,2026-06-13T17:14:00.000Z
14,OCCUPIED,0.55,2026-06-16T11:13:00.000Z
14,OCCUPIED,0.69,2026-06-17T19:48:00.000Z
14,OCCUPIED,0.68,2026-06-21T09:42:00.000Z
14,FREE,0.98,2026-06-22T15:00:00.000Z
14,FREE,1.08,2026-06-23T21:45:00.000Z
14,OCCUPIED,1.23,2026-06-24T12:12:00.000Z
14,OCCUPIED,0.54,2026-06-26T11:30:00.000Z
14,OCCUPIED,1.00,2026-06-26T17:53:00.000Z
14,OCCUPIED,0.73,2026-06-27T10:27:00.000Z
14,FREE,1.21,2026-06-28T12:40:00.000Z
14,OCCUPIED,1.19,2026-06-29T19:07:00.000Z
14,OCCUPIED,0.57,2026-06-30T20:18:00.000Z
14,OCCUPIED,1.27,2026-07-02T11:59:00.000Z
14,OCCUPIED,1.12,2026-07-03T12:43:00.000Z
14,FREE,0.50,2026-07-05T10:58:00.000Z
14,OCCUPIED,1.01,2026-07-06T11:55:00.000Z
14,OCCUPIED,1.38,2026-07-06T18:07:00.000Z
14,OCCUPIED,0.93,2026-07-07T17:53:00.000Z
14,OCCUPIED,1.20,2026-07-08T12:19:00.000Z
14,FREE,0.68,2026-07-09T10:45:00.000Z
14,FREE,1.02,2026-07-10T14:53:00.000Z
14,OCCUPIED,1.09,2026-07-11T13:28:00.000Z
14,FREE,0.65,2026-07-12T11:14:00.000Z
14,OCCUPIED,0.93,2026-07-13T11:54:00.000Z
14,FREE,1.45,2026-07-13T16:45:00.000Z
14,OCCUPIED,1.36,2026-07-14T17:25:00.000Z
14,OCCUPIED,1.11,2026-07-17T18:17:00.000Z
14,OCCUPIED,0.85,2026-07-18T18:02:00.000Z
14,FREE,1.18,2026-07-18T21:35:00.000Z
14,FREE,1.22,2026-07-19T11:47:00.000Z
14,FREE,0.79,2026-07-20T14:12:00.000Z
14,OCCUPIED,0.59,2026-07-20T13:59:00.000Z
14,FREE,0.73,2026-07-21T14:31:00.000Z
14,OCCUPIED,1.11,2026-07-22T16:26:00.000Z
14,OCCUPIED,0.56,2026-07-23T16:08:00.000Z
14,OCCUPIED,0.67,2026-07-25T13:17:00.000Z
15,OCCUPIED,0.71,2026-06-01T10:39:00.000Z
15,OCCUPIED,1.30,2026-06-02T19:35:00.000Z
15,OCCUPIED,0.96,2026-06-04T11:27:00.000Z
15,FREE,1.14,2026-06-05T20:55:00.000Z
15,OCCUPIED,0.80,2026-06-05T13:45:00.000Z
15,FREE,0.93,2026-06-06T09:50:00.000Z
15,OCCUPIED,1.47,2026-06-08T09:14:00.000Z
15,OCCUPIED,1.36,2026-06-09T10:57:00.000Z
15,OCCUPIED,1.45,2026-06-09T14:47:00.000Z
15,FREE,0.69,2026-06-10T22:52:00.000Z
15,FREE,0.73,2026-06-13T09:55:00.000Z
15,FREE,1.14,2026-06-14T17:41:00.000Z
15,OCCUPIED,1.26,2026-06-18T10:02:00.000Z
15,FREE,0.76,2026-06-19T09:02:00.000Z
15,OCCUPIED,1.40,2026-06-19T12:56:00.000Z
15,FREE,0.84,2026-06-21T17:43:00.000Z
15,OCCUPIED,1.35,2026-06-24T10:15:00.000Z
15,FREE,0.67,2026-06-26T12:45:00.000Z
15,OCCUPIED,0.96,2026-06-27T18:37:00.000Z
15,OCCUPIED,0.79,2026-06-29T18:32:00.000Z
15,FREE,1.11,2026-06-30T07:04:00.000Z
15,FREE,1.43,2026-07-02T08:40:00.000Z
15,FREE,0.74,2026-07-03T08:18:00.000Z
15,OCCUPIED,1.28,2026-07-04T18:29:00.000Z
15,FREE,0.53,2026-07-05T18:24:00.000Z
15,FREE,1.19,2026-07-06T09:19:00.000Z
15,FREE,1.19,2026-07-06T10:52:00.000Z
15,OCCUPIED,0.65,2026-07-07T12:46:00.000Z
15,OCCUPIED,0.90,2026-07-08T13:50:00.000Z
15,FREE,0.83,2026-07-10T07:05:00.000Z
15,OCCUPIED,1.16,2026-07-11T15:53:00.000Z
15,FREE,0.66,2026-07-12T12:45:00.000Z
15,FREE,1.23,2026-07-14T11:50:00.000Z
15,OCCUPIED,1.04,2026-07-15T15:41:00.000Z
15,OCCUPIED,0.65,2026-07-16T17:18:00.000Z
15,OCCUPIED,0.71,2026-07-18T18:12:00.000Z
15,FREE,0.91,2026-07-19T07:21:00.000Z
15,OCCUPIED,0.98,2026-07-20T13:33:00.000Z
15,OCCUPIED,1.49,2026-07-22T15:53:00.000Z
15,OCCUPIED,1.31,2026-07-24T09:28:00.000Z
15,FREE,0.82,2026-07-25T19:33:00.000Z
15,FREE,0.84,2026-07-26T09:29:00.000Z
16,OCCUPIED,1.28,2026-06-02T14:08:00.000Z
16,OCCUPIED,1.29,2026-06-03T12:19:00.000Z
16,FREE,1.33,2026-06-04T07:48:00.000Z
16,FREE,0.57,2026-06-05T22:56:00.000Z
16,OCCUPIED,1.35,2026-06-06T13:37:00.000Z
16,FREE,1.44,2026-06-08T14:49:00.000Z
16,OCCUPIED,0.63,2026-06-09T12:18:00.000Z
16,FREE,1.01,2026-06-11T17:59:00.000Z
16,OCCUPIED,0.78,2026-06-12T17:34:00.000Z
16,OCCUPIED,0.88,2026-06-12T10:43:00.000Z
16,FREE,1.16,2026-06-13T16:41:00.000Z
16,OCCUPIED,0.57,2026-06-14T12:49:00.000Z
16,FREE,0.63,2026-06-17T16:24:00.000Z
16,OCCUPIED,0.89,2026-06-18T09:54:00.000Z
16,FREE,0.50,2026-06-19T09:00:00.000Z
16,OCCUPIED,0.94,2026-06-20T11:29:00.000Z
16,OCCUPIED,1.38,2026-06-21T11:39:00.000Z
16,OCCUPIED,0.86,2026-06-22T13:46:00.000Z
16,FREE,1.07,2026-06-23T21:29:00.000Z
16,OCCUPIED,1.37,2026-06-23T11:56:00.000Z
16,FREE,0.71,2026-06-24T19:57:00.000Z
16,OCCUPIED,0.66,2026-06-24T19:29:00.000Z
16,FREE,1.06,2026-06-26T14:48:00.000Z
16,OCCUPIED,0.75,2026-06-26T13:15:00.000Z
16,FREE,0.83,2026-06-29T14:10:00.000Z
16,OCCUPIED,0.76,2026-06-30T09:51:00.000Z
16,OCCUPIED,0.66,2026-07-02T11:19:00.000Z
16,OCCUPIED,1.23,2026-07-03T14:27:00.000Z
16,FREE,1.46,2026-07-03T10:08:00.000Z
16,OCCUPIED,1.39,2026-07-04T11:08:00.000Z
16,FREE,1.10,2026-07-05T19:24:00.000Z
16,OCCUPIED,0.53,2026-07-06T13:19:00.000Z
16,OCCUPIED,0.66,2026-07-08T08:54:00.000Z
16,OCCUPIED,0.78,2026-07-09T09:52:00.000Z
16,FREE,1.30,2026-07-11T22:52:00.000Z
16,OCCUPIED,1.19,2026-07-12T07:02:00.000Z
16,FREE,0.69,2026-07-13T11:30:00.000Z
16,FREE,1.30,2026-07-18T18:45:00.000Z
16,OCCUPIED,1.18,2026-07-18T11:46:00.000Z
16,FREE,1.09,2026-07-19T21:06:00.000Z
16,OCCUPIED,0.88,2026-07-20T11:35:00.000Z
16,OCCUPIED,0.86,2026-07-21T13:09:00.000Z
16,FREE,0.86,2026-07-23T22:16:00.000Z
16,FREE,1.27,2026-07-24T14:35:00.000Z
16,OCCUPIED,1.41,2026-07-25T11:19:00.000Z
16,FREE,1.23,2026-07-26T14:55:00.000Z
17,OCCUPIED,1.15,2026-06-02T13:55:00.000Z
17,OCCUPIED,0.61,2026-06-04T16:29:00.000Z
17,OCCUPIED,0.92,2026-06-05T09:23:00.000Z
17,OCCUPIED,1.29,2026-06-06T12:22:00.000Z
17,OCCUPIED,0.96,2026-06-06T14:16:00.000Z
17,FREE,1.04,2026-06-07T15:11:00.000Z
17,OCCUPIED,0.99,2026-06-08T12:56:00.000Z
17,OCCUPIED,1.17,2026-06-09T10:11:00.000Z
17,OCCUPIED,0.59,2026-06-10T09:43:00.000Z
17,OCCUPIED,0.77,2026-06-12T19:46:00.000Z
17,OCCUPIED,0.64,2026-06-13T19:35:00.000Z
17,OCCUPIED,1.47,2026-06-16T19:09:00.000Z
17,FREE,1.17,2026-06-16T11:14:00.000Z
17,FREE,0.80,2026-06-18T21:58:00.000Z
17,FREE,1.06,2026-06-19T09:32:00.000Z
17,OCCUPIED,1.46,2026-06-20T12:08:00.000Z
17,OCCUPIED,0.51,2026-06-21T12:18:00.000Z
17,FREE,0.87,2026-06-23T18:38:00.000Z
17,OCCUPIED,0.63,2026-06-23T10:14:00.000Z
17,FREE,0.74,2026-06-24T07:16:00.000Z
17,OCCUPIED,0.56,2026-06-25T11:54:00.000Z
17,OCCUPIED,1.21,2026-06-26T17:17:00.000Z
17,OCCUPIED,0.88,2026-06-28T10:48:00.000Z
17,FREE,0.75,2026-07-02T22:04:00.000Z
17,FREE,0.73,2026-07-03T07:44:00.000Z
17,FREE,1.32,2026-07-05T19:23:00.000Z
17,OCCUPIED,0.87,2026-07-06T18:45:00.000Z
17,OCCUPIED,0.79,2026-07-06T11:49:00.000Z
17,FREE,0.60,2026-07-07T08:51:00.000Z
17,FREE,0.94,2026-07-08T12:07:00.000Z
17,OCCUPIED,1.41,2026-07-11T13:44:00.000Z
17,FREE,0.82,2026-07-11T07:37:00.000Z
17,OCCUPIED,1.24,2026-07-12T10:25:00.000Z
17,OCCUPIED,1.07,2026-07-17T10:25:00.000Z
17,FREE,0.79,2026-07-20T19:10:00.000Z
17,FREE,1.36,2026-07-21T07:55:00.000Z
17,OCCUPIED,0.94,2026-07-24T10:59:00.000Z
17,FREE,1.03,2026-07-26T18:23:00.000Z
18,OCCUPIED,0.87,2026-06-05T18:48:00.000Z
18,FREE,0.58,2026-06-06T14:41:00.000Z
18,OCCUPIED,1.08,2026-06-06T11:01:00.000Z
18,FREE,1.49,2026-06-07T12:46:00.000Z
18,FREE,0.88,2026-06-07T18:21:00.000Z
18,OCCUPIED,0.64,2026-06-09T13:31:00.000Z
18,FREE,1.16,2026-06-10T15:05:00.000Z
18,FREE,1.28,2026-06-12T11:33:00.000Z
18,FREE,0.53,2026-06-13T16:28:00.000Z
18,FREE,0.74,2026-06-14T14:33:00.000Z
18,OCCUPIED,0.82,2026-06-16T17:56:00.000Z
18,OCCUPIED,0.94,2026-06-16T21:17:00.000Z
18,OCCUPIED,1.24,2026-06-18T13:16:00.000Z
18,OCCUPIED,0.56,2026-06-20T17:09:00.000Z
18,FREE,1.24,2026-06-21T17:22:00.000Z
18,OCCUPIED,0.98,2026-06-25T17:22:00.000Z
18,FREE,1.02,2026-06-25T17:16:00.000Z
18,FREE,0.79,2026-06-26T07:53:00.000Z
18,OCCUPIED,1.34,2026-06-26T18:30:00.000Z
18,FREE,0.59,2026-06-27T21:27:00.000Z
18,FREE,0.85,2026-06-28T16:31:00.000Z
18,OCCUPIED,1.23,2026-06-29T16:23:00.000Z
18,OCCUPIED,1.19,2026-07-01T19:10:00.000Z
18,FREE,1.01,2026-07-06T22:12:00.000Z
18,OCCUPIED,1.13,2026-07-06T14:42:00.000Z
18,FREE,1.16,2026-07-08T19:21:00.000Z
18,OCCUPIED,1.40,2026-07-11T18:47:00.000Z
18,OCCUPIED,0.61,2026-07-12T16:28:00.000Z
18,OCCUPIED,1.19,2026-07-14T12:14:00.000Z
18,FREE,1.37,2026-07-14T18:11:00.000Z
18,FREE,0.84,2026-07-15T12:23:00.000Z
18,OCCUPIED,1.35,2026-07-15T10:34:00.000Z
18,OCCUPIED,1.43,2026-07-16T10:53:00.000Z
18,FREE,0.70,2026-07-17T17:53:00.000Z
18,OCCUPIED,1.47,2026-07-18T18:26:00.000Z
18,OCCUPIED,0.98,2026-07-18T20:13:00.000Z
18,FREE,0.74,2026-07-19T09:27:00.000Z
18,FREE,1.20,2026-07-20T13:43:00.000Z
18,FREE,1.21,2026-07-22T14:40:00.000Z
18,FREE,0.98,2026-07-25T09:17:00.000Z
18,FREE,1.32,2026-07-26T12:53:00.000Z
19,OCCUPIED,0.68,2026-06-03T13:29:00.000Z
19,OCCUPIED,1.04,2026-06-06T13:13:00.000Z
19,FREE,1.41,2026-06-07T09:39:00.000Z
19,OCCUPIED,0.58,2026-06-10T10:36:00.000Z
19,OCCUPIED,0.92,2026-06-12T14:36:00.000Z
19,OCCUPIED,1.10,2026-06-13T10:55:00.000Z
19,OCCUPIED,0.76,2026-06-14T17:39:00.000Z
19,OCCUPIED,0.78,2026-06-15T14:46:00.000Z
19,OCCUPIED,1.29,2026-06-17T09:18:00.000Z
19,OCCUPIED,0.65,2026-06-18T10:00:00.000Z
19,FREE,0.64,2026-06-18T12:34:00.000Z
19,FREE,1.28,2026-06-19T22:20:00.000Z
19,OCCUPIED,1.04,2026-06-20T11:15:00.000Z
19,FREE,1.30,2026-06-21T09:28:00.000Z
19,OCCUPIED,0.86,2026-06-23T10:54:00.000Z
19,OCCUPIED,0.92,2026-06-23T13:15:00.000Z
19,FREE,0.92,2026-06-24T14:28:00.000Z
19,OCCUPIED,1.15,2026-06-26T11:46:00.000Z
19,FREE,1.27,2026-06-28T16:07:00.000Z
19,OCCUPIED,1.21,2026-06-29T13:58:00.000Z
19,OCCUPIED,0.66,2026-06-30T19:23:00.000Z
19,FREE,1.48,2026-06-30T13:46:00.000Z
19,FREE,1.40,2026-07-01T15:18:00.000Z
19,OCCUPIED,1.42,2026-07-02T12:57:00.000Z
19,FREE,0.70,2026-07-03T20:16:00.000Z
19,OCCUPIED,1.47,2026-07-03T14:23:00.000Z
19,OCCUPIED,1.17,2026-07-04T17:45:00.000Z
19,OCCUPIED,0.87,2026-07-05T14:20:00.000Z
19,OCCUPIED,1.14,2026-07-06T11:12:00.000Z
19,FREE,0.55,2026-07-07T19:43:00.000Z
19,FREE,0.76,2026-07-08T19:55:00.000Z
19,OCCUPIED,1.07,2026-07-10T16:35:00.000Z
19,FREE,0.59,2026-07-12T13:18:00.000Z
19,FREE,1.03,2026-07-12T19:31:00.000Z
19,FREE,1.33,2026-07-14T11:11:00.000Z
19,FREE,0.66,2026-07-15T16:24:00.000Z
19,OCCUPIED,0.80,2026-07-17T11:25:00.000Z
19,FREE,0.55,2026-07-18T17:53:00.000Z
19,OCCUPIED,1.08,2026-07-20T12:27:00.000Z
19,FREE,0.71,2026-07-21T18:00:00.000Z
19,FREE,1.45,2026-07-22T17:37:00.000Z
19,OCCUPIED,0.77,2026-07-23T10:23:00.000Z
19,OCCUPIED,0.86,2026-07-23T13:29:00.000Z
19,FREE,0.98,2026-07-24T12:25:00.000Z
19,FREE,0.56,2026-07-25T16:48:00.000Z
19,FREE,1.30,2026-07-26T18:21:00.000Z
20,FREE,1.39,2026-06-01T11:55:00.000Z
20,FREE,0.99,2026-06-03T18:32:00.000Z
20,OCCUPIED,1.48,2026-06-04T13:01:00.000Z
20,OCCUPIED,1.43,2026-06-05T11:53:00.000Z
20,FREE,1.28,2026-06-06T08:42:00.000Z
20,OCCUPIED,1.24,2026-06-06T09:55:00.000Z
20,FREE,0.56,2026-06-07T11:31:00.000Z
20,FREE,1.11,2026-06-07T20:43:00.000Z
20,FREE,1.19,2026-06-08T11:38:00.000Z
20,FREE,1.08,2026-06-09T11:02:00.000Z
20,FREE,0.63,2026-06-09T12:41:00.000Z
20,FREE,1.16,2026-06-10T16:49:00.000Z
20,OCCUPIED,0.59,2026-06-12T18:36:00.000Z
20,OCCUPIED,1.49,2026-06-13T12:33:00.000Z
20,FREE,1.40,2026-06-14T10:56:00.000Z
20,FREE,1.09,2026-06-14T19:17:00.000Z
20,OCCUPIED,1.21,2026-06-15T09:39:00.000Z
20,OCCUPIED,1.23,2026-06-15T19:10:00.000Z
20,FREE,1.38,2026-06-16T11:47:00.000Z
20,OCCUPIED,1.23,2026-06-17T17:23:00.000Z
20,OCCUPIED,0.93,2026-06-19T12:22:00.000Z
20,FREE,1.14,2026-06-19T15:18:00.000Z
20,FREE,1.04,2026-06-22T14:57:00.000Z
20,FREE,1.24,2026-06-24T13:28:00.000Z
20,OCCUPIED,0.86,2026-06-24T13:23:00.000Z
20,FREE,0.50,2026-06-25T14:29:00.000Z
20,OCCUPIED,1.46,2026-06-26T09:36:00.000Z
20,OCCUPIED,0.80,2026-06-27T19:12:00.000Z
20,OCCUPIED,1.07,2026-06-28T19:58:00.000Z
20,OCCUPIED,0.87,2026-06-29T11:38:00.000Z
20,FREE,0.77,2026-07-01T17:13:00.000Z
20,OCCUPIED,1.47,2026-07-02T18:12:00.000Z
20,FREE,0.82,2026-07-03T20:15:00.000Z
20,OCCUPIED,0.59,2026-07-05T17:58:00.000Z
20,OCCUPIED,0.72,2026-07-06T10:28:00.000Z
20,OCCUPIED,1.35,2026-07-08T10:57:00.000Z
20,FREE,1.43,2026-07-09T12:38:00.000Z
20,OCCUPIED,1.42,2026-07-10T17:14:00.000Z
20,FREE,1.38,2026-07-11T09:34:00.000Z
20,OCCUPIED,1.01,2026-07-11T18:58:00.000Z
20,OCCUPIED,1.34,2026-07-13T10:14:00.000Z
20,OCCUPIED,1.03,2026-07-13T20:37:00.000Z
20,FREE,1.24,2026-07-15T18:07:00.000Z
20,OCCUPIED,1.38,2026-07-15T15:45:00.000Z
20,FREE,1.14,2026-07-17T16:45:00.000Z
20,FREE,1.29,2026-07-17T15:55:00.000Z
20,OCCUPIED,0.78,2026-07-19T21:21:00.000Z
20,OCCUPIED,0.78,2026-07-21T18:35:00.000Z
20,OCCUPIED,1.32,2026-07-22T12:44:00.000Z
20,OCCUPIED,1.00,2026-07-23T17:29:00.000Z
20,OCCUPIED,1.49,2026-07-24T09:48:00.000Z
20,FREE,1.27,2026-07-25T18:37:00.000Z
21,OCCUPIED,0.89,2026-06-01T18:40:00.000Z
21,FREE,1.33,2026-06-02T17:38:00.000Z
21,FREE,1.14,2026-06-04T17:10:00.000Z
21,OCCUPIED,0.51,2026-06-05T18:51:00.000Z
21,OCCUPIED,1.10,2026-06-05T11:41:00.000Z
21,FREE,0.84,2026-06-06T22:41:00.000Z
21,OCCUPIED,0.67,2026-06-09T09:44:00.000Z
21,FREE,0.95,2026-06-10T10:33:00.000Z
21,OCCUPIED,0.85,2026-06-11T08:22:00.000Z
21,OCCUPIED,1.48,2026-06-15T12:57:00.000Z
21,FREE,1.32,2026-06-16T21:13:00.000Z
21,FREE,0.72,2026-06-17T14:45:00.000Z
21,OCCUPIED,0.75,2026-06-17T13:39:00.000Z
21,OCCUPIED,0.82,2026-06-18T11:40:00.000Z
21,OCCUPIED,0.58,2026-06-19T10:04:00.000Z
21,FREE,0.78,2026-06-20T22:40:00.000Z
21,FREE,1.24,2026-06-22T20:04:00.000Z
21,OCCUPIED,0.89,2026-06-23T17:51:00.000Z
21,OCCUPIED,0.85,2026-06-23T16:31:00.000Z
21,OCCUPIED,1.27,2026-06-24T22:44:00.000Z
21,FREE,0.76,2026-06-25T17:45:00.000Z
21,FREE,0.68,2026-06-26T15:34:00.000Z
21,FREE,1.00,2026-07-03T13:50:00.000Z
21,OCCUPIED,0.55,2026-07-04T19:56:00.000Z
21,OCCUPIED,1.39,2026-07-06T18:43:00.000Z
21,FREE,0.73,2026-07-07T20:56:00.000Z
21,OCCUPIED,1.20,2026-07-08T22:39:00.000Z
21,FREE,1.05,2026-07-09T08:06:00.000Z
21,OCCUPIED,1.02,2026-07-10T12:39:00.000Z
21,OCCUPIED,0.63,2026-07-11T11:56:00.000Z
21,FREE,1.05,2026-07-11T10:21:00.000Z
21,FREE,0.97,2026-07-12T17:32:00.000Z
21,OCCUPIED,1.24,2026-07-12T14:11:00.000Z
21,OCCUPIED,0.51,2026-07-14T13:48:00.000Z
21,OCCUPIED,0.93,2026-07-15T09:54:00.000Z
21,OCCUPIED,1.23,2026-07-16T10:21:00.000Z
21,OCCUPIED,1.35,2026-07-17T11:02:00.000Z
21,OCCUPIED,0.57,2026-07-18T10:14:00.000Z
21,OCCUPIED,1.31,2026-07-19T10:30:00.000Z
21,FREE,0.72,2026-07-19T18:26:00.000Z
21,OCCUPIED,0.96,2026-07-22T11:12:00.000Z
21,FREE,0.77,2026-07-22T11:48:00.000Z
21,FREE,1.44,2026-07-23T18:46:00.000Z
22,FREE,1.01,2026-06-01T19:14:00.000Z
22,FREE,1.25,2026-06-02T10:01:00.000Z
22,OCCUPIED,1.36,2026-06-03T19:50:00.000Z
22,FREE,0.89,2026-06-04T08:49:00.000Z
22,FREE,0.94,2026-06-05T10:10:00.000Z
22,FREE,1.44,2026-06-07T14:10:00.000Z
22,OCCUPIED,1.42,2026-06-08T15:21:00.000Z
22,FREE,1.12,2026-06-09T18:38:00.000Z
22,FREE,1.11,2026-06-10T11:50:00.000Z
22,OCCUPIED,1.10,2026-06-13T12:18:00.000Z
22,OCCUPIED,0.74,2026-06-16T12:59:00.000Z
22,FREE,1.39,2026-06-18T11:10:00.000Z
22,FREE,0.69,2026-06-18T18:16:00.000Z
22,OCCUPIED,0.77,2026-06-19T18:21:00.000Z
22,FREE,1.43,2026-06-20T21:39:00.000Z
22,FREE,1.35,2026-06-22T12:06:00.000Z
22,FREE,0.61,2026-06-23T12:50:00.000Z
22,OCCUPIED,1.04,2026-06-24T14:43:00.000Z
22,OCCUPIED,0.92,2026-06-26T17:22:00.000Z
22,FREE,1.28,2026-06-28T15:58:00.000Z
22,FREE,0.93,2026-06-29T10:25:00.000Z
22,OCCUPIED,0.53,2026-06-30T10:18:00.000Z
22,OCCUPIED,0.74,2026-07-01T17:13:00.000Z
22,FREE,1.24,2026-07-03T07:33:00.000Z
22,OCCUPIED,0.69,2026-07-04T18:17:00.000Z
22,FREE,0.77,2026-07-06T19:04:00.000Z
22,FREE,0.56,2026-07-07T11:32:00.000Z
22,FREE,0.57,2026-07-09T10:45:00.000Z
22,FREE,0.62,2026-07-11T17:53:00.000Z
22,OCCUPIED,0.85,2026-07-12T07:34:00.000Z
22,OCCUPIED,0.82,2026-07-13T12:26:00.000Z
22,FREE,1.31,2026-07-15T12:18:00.000Z
22,FREE,1.48,2026-07-16T18:05:00.000Z
22,FREE,0.97,2026-07-17T11:32:00.000Z
22,OCCUPIED,1.28,2026-07-21T10:46:00.000Z
22,OCCUPIED,1.50,2026-07-22T17:56:00.000Z
22,OCCUPIED,1.39,2026-07-23T18:04:00.000Z
22,OCCUPIED,1.46,2026-07-24T11:09:00.000Z
22,OCCUPIED,0.78,2026-07-24T19:56:00.000Z
22,FREE,0.94,2026-07-25T11:21:00.000Z
23,FREE,0.72,2026-06-01T10:43:00.000Z
23,OCCUPIED,0.80,2026-06-02T13:12:00.000Z
23,FREE,0.55,2026-06-02T13:01:00.000Z
23,OCCUPIED,0.82,2026-06-03T14:05:00.000Z
23,FREE,0.91,2026-06-05T16:49:00.000Z
23,OCCUPIED,0.87,2026-06-06T16:21:00.000Z
23,FREE,0.57,2026-06-08T15:05:00.000Z
23,FREE,0.87,2026-06-12T09:03:00.000Z
23,OCCUPIED,1.39,2026-06-15T09:26:00.000Z
23,FREE,1.04,2026-06-17T08:36:00.000Z
23,OCCUPIED,1.40,2026-06-17T10:29:00.000Z
23,FREE,0.71,2026-06-18T17:59:00.000Z
23,OCCUPIED,0.72,2026-06-19T10:36:00.000Z
23,FREE,1.49,2026-06-20T17:32:00.000Z
23,OCCUPIED,1.15,2026-06-21T15:11:00.000Z
23,OCCUPIED,1.13,2026-06-22T14:25:00.000Z
23,OCCUPIED,1.46,2026-06-24T19:19:00.000Z
23,OCCUPIED,0.98,2026-06-24T11:25:00.000Z
23,FREE,0.95,2026-06-25T08:06:00.000Z
23,OCCUPIED,1.21,2026-06-26T14:41:00.000Z
23,OCCUPIED,0.68,2026-06-26T22:48:00.000Z
23,OCCUPIED,0.55,2026-06-27T22:09:00.000Z
23,FREE,1.20,2026-06-29T15:59:00.000Z
23,OCCUPIED,0.88,2026-06-29T13:14:00.000Z
23,FREE,0.99,2026-07-01T10:22:00.000Z
23,OCCUPIED,1.08,2026-07-02T11:20:00.000Z
23,FREE,1.45,2026-07-07T13:08:00.000Z
23,FREE,0.97,2026-07-08T20:00:00.000Z
23,OCCUPIED,1.35,2026-07-08T10:23:00.000Z
23,OCCUPIED,0.95,2026-07-09T12:40:00.000Z
23,OCCUPIED,1.32,2026-07-10T16:59:00.000Z
23,FREE,1.12,2026-07-10T09:43:00.000Z
23,OCCUPIED,0.58,2026-07-11T10:23:00.000Z
23,FREE,0.65,2026-07-12T17:32:00.000Z
23,FREE,0.69,2026-07-13T22:21:00.000Z
23,OCCUPIED,1.27,2026-07-15T18:46:00.000Z
23,FREE,0.76,2026-07-16T19:29:00.000Z
23,OCCUPIED,1.20,2026-07-17T20:02:00.000Z
23,OCCUPIED,1.26,2026-07-19T17:37:00.000Z
23,FREE,1.35,2026-07-19T17:30:00.000Z
23,FREE,0.61,2026-07-20T11:29:00.000Z
23,OCCUPIED,0.69,2026-07-24T18:59:00.000Z
23,FREE,0.87,2026-07-26T11:10:00.000Z
24,OCCUPIED,1.05,2026-06-01T18:44:00.000Z
24,OCCUPIED,1.27,2026-06-03T13:03:00.000Z
24,FREE,1.23,2026-06-10T16:19:00.000Z
24,OCCUPIED,1.21,2026-06-11T17:14:00.000Z
24,OCCUPIED,0.75,2026-06-12T15:34:00.000Z
24,OCCUPIED,0.57,2026-06-12T09:21:00.000Z
24,OCCUPIED,1.15,2026-06-14T13:45:00.000Z
24,FREE,1.00,2026-06-15T17:12:00.000Z
24,FREE,1.24,2026-06-15T20:18:00.000Z
24,FREE,1.01,2026-06-16T13:37:00.000Z
24,OCCUPIED,1.23,2026-06-17T18:36:00.000Z
24,OCCUPIED,1.14,2026-06-18T19:53:00.000Z
24,OCCUPIED,1.38,2026-06-19T12:05:00.000Z
24,OCCUPIED,1.13,2026-06-21T18:42:00.000Z
24,OCCUPIED,1.07,2026-06-23T18:19:00.000Z
24,OCCUPIED,1.32,2026-06-23T21:41:00.000Z
24,OCCUPIED,0.92,2026-06-24T18:12:00.000Z
24,OCCUPIED,0.72,2026-06-24T20:16:00.000Z
24,OCCUPIED,1.08,2026-06-26T19:23:00.000Z
24,FREE,1.40,2026-06-27T22:56:00.000Z
24,FREE,1.15,2026-06-28T14:47:00.000Z
24,FREE,0.57,2026-06-29T22:41:00.000Z
24,OCCUPIED,1.04,2026-07-02T10:54:00.000Z
24,FREE,0.67,2026-07-02T10:57:00.000Z
24,FREE,1.31,2026-07-03T09:03:00.000Z
24,OCCUPIED,0.60,2026-07-06T13:03:00.000Z
24,OCCUPIED,1.21,2026-07-07T11:34:00.000Z
24,OCCUPIED,0.60,2026-07-10T11:24:00.000Z
24,FREE,0.53,2026-07-12T09:01:00.000Z
24,OCCUPIED,0.70,2026-07-13T19:45:00.000Z
24,OCCUPIED,1.22,2026-07-14T12:38:00.000Z
24,OCCUPIED,0.81,2026-07-15T11:53:00.000Z
24,OCCUPIED,0.89,2026-07-17T13:28:00.000Z
24,OCCUPIED,1.08,2026-07-18T22:49:00.000Z
24,OCCUPIED,1.39,2026-07-19T16:34:00.000Z
24,OCCUPIED,0.83,2026-07-20T19:57:00.000Z
24,FREE,0.84,2026-07-21T18:26:00.000Z
24,OCCUPIED,0.69,2026-07-22T16:05:00.000Z
24,OCCUPIED,1.23,2026-07-22T10:33:00.000Z
24,OCCUPIED,0.98,2026-07-24T11:30:00.000Z
24,FREE,0.51,2026-07-26T18:43:00.000Z
25,OCCUPIED,1.45,2026-06-02T12:27:00.000Z
25,OCCUPIED,0.94,2026-06-03T17:14:00.000Z
25,OCCUPIED,0.71,2026-06-04T19:04:00.000Z
25,OCCUPIED,0.77,2026-06-05T13:56:00.000Z
25,FREE,0.87,2026-06-06T22:22:00.000Z
25,FREE,1.41,2026-06-07T17:34:00.000Z
25,OCCUPIED,1.15,2026-06-08T18:59:00.000Z
25,FREE,1.50,2026-06-11T10:40:00.000Z
25,FREE,1.11,2026-06-12T10:00:00.000Z
25,FREE,0.77,2026-06-14T17:45:00.000Z
25,OCCUPIED,1.40,2026-06-15T08:32:00.000Z
25,OCCUPIED,1.25,2026-06-17T13:03:00.000Z
25,OCCUPIED,0.86,2026-06-18T12:26:00.000Z
25,FREE,1.38,2026-06-19T12:13:00.000Z
25,FREE,1.27,2026-06-20T17:40:00.000Z
25,FREE,1.41,2026-06-21T17:43:00.000Z
25,FREE,1.42,2026-06-22T22:21:00.000Z
25,FREE,1.02,2026-06-24T20:37:00.000Z
25,FREE,0.92,2026-06-25T15:37:00.000Z
25,OCCUPIED,0.66,2026-06-26T18:50:00.000Z
25,OCCUPIED,1.48,2026-06-28T12:38:00.000Z
25,FREE,0.56,2026-07-01T07:07:00.000Z
25,OCCUPIED,1.26,2026-07-02T15:07:00.000Z
25,OCCUPIED,1.27,2026-07-03T10:26:00.000Z
25,OCCUPIED,1.26,2026-07-03T19:28:00.000Z
25,OCCUPIED,1.25,2026-07-04T13:07:00.000Z
25,OCCUPIED,1.13,2026-07-07T22:23:00.000Z
25,FREE,1.22,2026-07-08T07:54:00.000Z
25,FREE,1.33,2026-07-11T17:13:00.000Z
25,FREE,1.15,2026-07-12T10:45:00.000Z
25,OCCUPIED,1.39,2026-07-13T09:03:00.000Z
25,OCCUPIED,1.42,2026-07-13T21:26:00.000Z
25,OCCUPIED,0.71,2026-07-15T09:50:00.000Z
25,OCCUPIED,1.28,2026-07-16T14:10:00.000Z
25,OCCUPIED,1.26,2026-07-19T17:32:00.000Z
25,OCCUPIED,0.86,2026-07-20T14:05:00.000Z
25,OCCUPIED,0.58,2026-07-21T20:42:00.000Z
25,OCCUPIED,0.65,2026-07-23T11:30:00.000Z
25,OCCUPIED,0.83,2026-07-24T12:06:00.000Z
25,FREE,1.26,2026-07-26T13:20:00.000Z
25,FREE,1.34,2026-07-26T16:04:00.000Z
26,OCCUPIED,0.80,2026-06-01T19:38:00.000Z
26,OCCUPIED,1.17,2026-06-02T12:20:00.000Z
26,OCCUPIED,0.67,2026-06-04T17:45:00.000Z
26,FREE,0.96,2026-06-07T10:16:00.000Z
26,FREE,1.22,2026-06-08T21:59:00.000Z
26,FREE,0.61,2026-06-09T17:29:00.000Z
26,OCCUPIED,1.22,2026-06-13T13:39:00.000Z
26,FREE,1.04,2026-06-14T15:19:00.000Z
26,FREE,1.17,2026-06-15T19:02:00.000Z
26,OCCUPIED,1.21,2026-06-16T11:35:00.000Z
26,FREE,0.58,2026-06-17T20:11:00.000Z
26,OCCUPIED,0.94,2026-06-23T22:55:00.000Z
26,OCCUPIED,0.51,2026-06-24T10:02:00.000Z
26,FREE,0.66,2026-06-25T17:36:00.000Z
26,OCCUPIED,0.51,2026-06-26T10:22:00.000Z
26,FREE,1.18,2026-06-27T19:33:00.000Z
26,FREE,0.60,2026-06-27T07:00:00.000Z
26,FREE,0.95,2026-06-28T10:12:00.000Z
26,FREE,0.99,2026-06-29T07:38:00.000Z
26,OCCUPIED,0.58,2026-07-01T17:08:00.000Z
26,FREE,1.40,2026-07-01T11:15:00.000Z
26,FREE,0.72,2026-07-02T17:26:00.000Z
26,OCCUPIED,1.30,2026-07-02T12:39:00.000Z
26,OCCUPIED,0.67,2026-07-04T08:43:00.000Z
26,OCCUPIED,0.92,2026-07-05T19:10:00.000Z
26,OCCUPIED,1.36,2026-07-06T17:21:00.000Z
26,OCCUPIED,1.03,2026-07-08T18:49:00.000Z
26,FREE,1.26,2026-07-09T17:44:00.000Z
26,FREE,0.88,2026-07-10T11:51:00.000Z
26,FREE,1.14,2026-07-11T11:40:00.000Z
26,FREE,0.97,2026-07-12T11:35:00.000Z
26,OCCUPIED,1.43,2026-07-13T11:38:00.000Z
26,OCCUPIED,0.58,2026-07-14T10:10:00.000Z
26,FREE,1.42,2026-07-15T14:16:00.000Z
26,FREE,1.21,2026-07-17T16:00:00.000Z
26,OCCUPIED,1.37,2026-07-17T13:00:00.000Z
26,OCCUPIED,1.29,2026-07-18T13:12:00.000Z
26,OCCUPIED,1.46,2026-07-19T13:02:00.000Z
26,FREE,0.96,2026-07-20T21:53:00.000Z
26,FREE,0.92,2026-07-22T09:26:00.000Z
26,OCCUPIED,1.29,2026-07-24T12:02:00.000Z
26,OCCUPIED,0.51,2026-07-25T19:55:00.000Z
26,OCCUPIED,1.00,2026-07-26T08:17:00.000Z
27,FREE,1.07,2026-06-01T08:27:00.000Z
27,OCCUPIED,1.36,2026-06-03T13:09:00.000Z
27,OCCUPIED,1.16,2026-06-04T18:48:00.000Z
27,FREE,1.17,2026-06-04T07:40:00.000Z
27,OCCUPIED,0.75,2026-06-05T10:46:00.000Z
27,OCCUPIED,0.83,2026-06-05T19:19:00.000Z
27,OCCUPIED,1.23,2026-06-06T17:05:00.000Z
27,FREE,1.01,2026-06-07T13:11:00.000Z
27,FREE,0.54,2026-06-09T12:40:00.000Z
27,OCCUPIED,1.39,2026-06-10T09:34:00.000Z
27,OCCUPIED,0.59,2026-06-11T19:59:00.000Z
27,OCCUPIED,0.91,2026-06-12T22:18:00.000Z
27,OCCUPIED,1.12,2026-06-13T13:42:00.000Z
27,FREE,0.65,2026-06-14T16:32:00.000Z
27,FREE,1.23,2026-06-16T07:19:00.000Z
27,OCCUPIED,1.22,2026-06-17T09:03:00.000Z
27,OCCUPIED,0.74,2026-06-19T19:55:00.000Z
27,OCCUPIED,1.28,2026-06-20T12:09:00.000Z
27,OCCUPIED,1.28,2026-06-20T09:57:00.000Z
27,FREE,1.44,2026-06-21T21:53:00.000Z
27,FREE,1.31,2026-06-24T18:16:00.000Z
27,OCCUPIED,0.81,2026-06-25T15:08:00.000Z
27,FREE,0.60,2026-06-26T09:36:00.000Z
27,FREE,1.44,2026-06-27T09:41:00.000Z
27,OCCUPIED,0.76,2026-06-28T15:11:00.000Z
27,OCCUPIED,1.04,2026-06-28T18:09:00.000Z
27,FREE,1.43,2026-06-29T19:12:00.000Z
27,OCCUPIED,1.44,2026-07-01T11:53:00.000Z
27,OCCUPIED,1.45,2026-07-05T11:40:00.000Z
27,FREE,1.27,2026-07-05T17:19:00.000Z
27,OCCUPIED,0.54,2026-07-06T10:05:00.000Z
27,OCCUPIED,0.78,2026-07-09T12:01:00.000Z
27,FREE,1.02,2026-07-10T12:00:00.000Z
27,OCCUPIED,1.26,2026-07-10T17:09:00.000Z
27,OCCUPIED,0.75,2026-07-11T17:42:00.000Z
27,FREE,1.32,2026-07-12T18:02:00.000Z
27,OCCUPIED,1.30,2026-07-12T16:32:00.000Z
27,OCCUPIED,1.27,2026-07-13T13:56:00.000Z
27,FREE,1.22,2026-07-14T07:34:00.000Z
27,FREE,1.05,2026-07-16T21:56:00.000Z
27,OCCUPIED,1.32,2026-07-17T13:35:00.000Z
27,FREE,0.59,2026-07-18T11:34:00.000Z
27,FREE,1.35,2026-07-19T08:43:00.000Z
27,FREE,0.75,2026-07-21T14:55:00.000Z
27,OCCUPIED,0.51,2026-07-22T16:16:00.000Z
27,OCCUPIED,1.10,2026-07-23T12:33:00.000Z
27,FREE,0.57,2026-07-24T16:30:00.000Z
27,OCCUPIED,1.02,2026-07-25T13:51:00.000Z
27,FREE,0.85,2026-07-26T19:19:00.000Z
28,FREE,0.79,2026-06-01T21:48:00.000Z
28,OCCUPIED,0.54,2026-06-02T18:51:00.000Z
28,OCCUPIED,1.22,2026-06-03T16:06:00.000Z
28,OCCUPIED,0.54,2026-06-04T13:59:00.000Z
28,FREE,1.37,2026-06-06T09:33:00.000Z
28,OCCUPIED,1.15,2026-06-07T13:32:00.000Z
28,OCCUPIED,0.97,2026-06-08T11:08:00.000Z
28,OCCUPIED,0.65,2026-06-11T10:35:00.000Z
28,OCCUPIED,0.54,2026-06-12T15:28:00.000Z
28,OCCUPIED,0.65,2026-06-13T19:39:00.000Z
28,OCCUPIED,1.47,2026-06-14T17:11:00.000Z
28,FREE,0.56,2026-06-14T09:30:00.000Z
28,OCCUPIED,1.41,2026-06-17T18:42:00.000Z
28,OCCUPIED,1.08,2026-06-17T09:14:00.000Z
28,OCCUPIED,0.50,2026-06-18T09:06:00.000Z
28,OCCUPIED,1.07,2026-06-19T09:40:00.000Z
28,FREE,0.86,2026-06-20T08:58:00.000Z
28,OCCUPIED,1.24,2026-06-21T12:22:00.000Z
28,OCCUPIED,1.04,2026-06-23T13:13:00.000Z
28,OCCUPIED,0.80,2026-06-23T10:32:00.000Z
28,OCCUPIED,0.75,2026-06-24T11:39:00.000Z
28,OCCUPIED,1.05,2026-06-25T11:08:00.000Z
28,OCCUPIED,0.72,2026-06-26T19:36:00.000Z
28,OCCUPIED,1.45,2026-06-27T12:38:00.000Z
28,OCCUPIED,0.92,2026-06-27T09:25:00.000Z
28,OCCUPIED,0.78,2026-06-29T21:54:00.000Z
28,FREE,1.12,2026-06-30T09:30:00.000Z
28,OCCUPIED,0.54,2026-07-02T18:54:00.000Z
28,FREE,1.25,2026-07-04T18:47:00.000Z
28,FREE,1.31,2026-07-05T18:03:00.000Z
28,OCCUPIED,1.42,2026-07-06T14:36:00.000Z
28,OCCUPIED,0.72,2026-07-07T12:29:00.000Z
28,OCCUPIED,0.81,2026-07-10T11:17:00.000Z
28,OCCUPIED,1.14,2026-07-11T12:27:00.000Z
28,FREE,0.65,2026-07-12T12:55:00.000Z
28,OCCUPIED,1.33,2026-07-13T14:05:00.000Z
28,OCCUPIED,0.63,2026-07-14T19:34:00.000Z
28,OCCUPIED,0.67,2026-07-20T10:31:00.000Z
28,OCCUPIED,0.86,2026-07-21T10:55:00.000Z
28,OCCUPIED,1.21,2026-07-21T12:38:00.000Z
28,OCCUPIED,1.19,2026-07-23T15:56:00.000Z
28,OCCUPIED,0.91,2026-07-23T13:17:00.000Z
28,OCCUPIED,0.83,2026-07-24T19:13:00.000Z
28,FREE,1.03,2026-07-25T14:23:00.000Z
29,OCCUPIED,1.46,2026-06-01T19:39:00.000Z
29,OCCUPIED,1.29,2026-06-04T17:42:00.000Z
29,FREE,0.86,2026-06-05T11:22:00.000Z
29,FREE,1.29,2026-06-06T19:32:00.000Z
29,OCCUPIED,1.15,2026-06-08T13:34:00.000Z
29,FREE,1.14,2026-06-10T13:08:00.000Z
29,OCCUPIED,1.44,2026-06-11T22:47:00.000Z
29,FREE,0.64,2026-06-13T11:20:00.000Z
29,FREE,1.27,2026-06-16T14:24:00.000Z
29,OCCUPIED,1.45,2026-06-17T13:33:00.000Z
29,FREE,1.49,2026-06-17T10:38:00.000Z
29,FREE,0.57,2026-06-19T08:40:00.000Z
29,FREE,1.33,2026-06-20T09:38:00.000Z
29,FREE,1.09,2026-06-23T14:27:00.000Z
29,OCCUPIED,0.69,2026-06-26T17:45:00.000Z
29,OCCUPIED,1.29,2026-06-27T19:49:00.000Z
29,FREE,1.23,2026-06-28T14:51:00.000Z
29,FREE,0.57,2026-06-30T20:48:00.000Z
29,OCCUPIED,0.90,2026-07-03T19:11:00.000Z
29,OCCUPIED,1.35,2026-07-04T10:35:00.000Z
29,FREE,0.87,2026-07-05T11:05:00.000Z
29,FREE,1.23,2026-07-05T14:38:00.000Z
29,OCCUPIED,1.10,2026-07-08T12:57:00.000Z
29,FREE,0.86,2026-07-09T10:35:00.000Z
29,FREE,1.19,2026-07-10T18:52:00.000Z
29,FREE,0.50,2026-07-11T18:30:00.000Z
29,OCCUPIED,1.39,2026-07-13T15:40:00.000Z
29,OCCUPIED,1.28,2026-07-14T09:04:00.000Z
29,OCCUPIED,0.55,2026-07-15T13:12:00.000Z
29,FREE,0.88,2026-07-16T07:24:00.000Z
29,OCCUPIED,1.46,2026-07-16T19:49:00.000Z
29,OCCUPIED,1.02,2026-07-17T09:44:00.000Z
29,FREE,1.39,2026-07-18T15:12:00.000Z
29,OCCUPIED,1.37,2026-07-19T10:57:00.000Z
29,FREE,1.25,2026-07-23T18:01:00.000Z
29,FREE,0.92,2026-07-24T07:24:00.000Z
29,FREE,0.68,2026-07-26T17:47:00.000Z
30,OCCUPIED,0.56,2026-06-01T11:17:00.000Z
30,OCCUPIED,0.97,2026-06-02T19:33:00.000Z
30,OCCUPIED,0.70,2026-06-03T14:42:00.000Z
30,FREE,1.39,2026-06-03T07:39:00.000Z
30,FREE,1.26,2026-06-05T20:06:00.000Z
30,OCCUPIED,1.14,2026-06-05T10:20:00.000Z
30,FREE,0.64,2026-06-06T12:38:00.000Z
30,OCCUPIED,1.35,2026-06-07T13:45:00.000Z
30,FREE,1.15,2026-06-10T12:31:00.000Z
30,OCCUPIED,1.34,2026-06-10T17:22:00.000Z
30,FREE,1.09,2026-06-13T09:41:00.000Z
30,FREE,1.14,2026-06-14T18:23:00.000Z
30,FREE,0.75,2026-06-16T07:19:00.000Z
30,OCCUPIED,0.56,2026-06-17T10:37:00.000Z
30,OCCUPIED,0.83,2026-06-19T16:05:00.000Z
30,OCCUPIED,1.40,2026-06-20T11:35:00.000Z
30,OCCUPIED,1.21,2026-06-20T22:55:00.000Z
30,FREE,1.20,2026-06-21T20:53:00.000Z
30,FREE,0.96,2026-06-22T15:36:00.000Z
30,OCCUPIED,1.21,2026-06-23T18:10:00.000Z
30,OCCUPIED,1.47,2026-06-24T13:12:00.000Z
30,OCCUPIED,1.39,2026-06-26T09:07:00.000Z
30,OCCUPIED,0.53,2026-06-26T10:46:00.000Z
30,OCCUPIED,1.11,2026-06-27T19:43:00.000Z
30,FREE,1.10,2026-06-29T17:03:00.000Z
30,FREE,0.54,2026-06-29T07:38:00.000Z
30,FREE,0.67,2026-06-30T08:55:00.000Z
30,FREE,1.38,2026-07-01T10:50:00.000Z
30,FREE,1.46,2026-07-02T21:44:00.000Z
30,FREE,1.23,2026-07-03T09:07:00.000Z
30,FREE,0.68,2026-07-04T07:25:00.000Z
30,FREE,1.05,2026-07-05T15:41:00.000Z
30,FREE,1.43,2026-07-06T09:55:00.000Z
30,OCCUPIED,0.94,2026-07-06T13:46:00.000Z
30,FREE,0.73,2026-07-07T10:55:00.000Z
30,FREE,1.46,2026-07-08T16:53:00.000Z
30,FREE,1.15,2026-07-10T14:18:00.000Z
30,OCCUPIED,0.65,2026-07-11T18:06:00.000Z
30,OCCUPIED,0.57,2026-07-11T10:00:00.000Z
30,FREE,1.02,2026-07-12T12:11:00.000Z
30,FREE,0.74,2026-07-12T09:49:00.000Z
30,OCCUPIED,0.56,2026-07-13T09:11:00.000Z
30,OCCUPIED,1.16,2026-07-14T22:36:00.000Z
30,FREE,1.45,2026-07-15T14:01:00.000Z
30,OCCUPIED,1.16,2026-07-16T12:02:00.000Z
30,FREE,1.21,2026-07-18T09:26:00.000Z
30,FREE,1.38,2026-07-20T13:17:00.000Z
30,FREE,1.18,2026-07-20T08:41:00.000Z
30,OCCUPIED,0.96,2026-07-22T20:22:00.000Z
30,FREE,0.79,2026-07-22T20:42:00.000Z
30,FREE,0.97,2026-07-24T18:53:00.000Z
30,OCCUPIED,1.37,2026-07-25T11:27:00.000Z
31,OCCUPIED,0.89,2026-06-03T12:18:00.000Z
31,OCCUPIED,1.17,2026-06-05T12:59:00.000Z
31,FREE,1.48,2026-06-05T12:23:00.000Z
31,OCCUPIED,0.84,2026-06-06T16:47:00.000Z
31,OCCUPIED,1.43,2026-06-06T16:25:00.000Z
31,OCCUPIED,1.44,2026-06-07T12:27:00.000Z
31,FREE,1.01,2026-06-07T11:04:00.000Z
31,FREE,0.75,2026-06-08T19:46:00.000Z
31,OCCUPIED,0.69,2026-06-09T10:50:00.000Z
31,FREE,0.85,2026-06-09T08:34:00.000Z
31,OCCUPIED,0.82,2026-06-10T19:27:00.000Z
31,OCCUPIED,0.69,2026-06-11T09:15:00.000Z
31,OCCUPIED,1.43,2026-06-12T09:33:00.000Z
31,OCCUPIED,0.99,2026-06-13T10:41:00.000Z
31,FREE,1.46,2026-06-14T22:32:00.000Z
31,OCCUPIED,1.11,2026-06-17T13:50:00.000Z
31,FREE,1.32,2026-06-17T12:19:00.000Z
31,FREE,0.79,2026-06-18T20:41:00.000Z
31,OCCUPIED,1.46,2026-06-20T11:42:00.000Z
31,FREE,0.79,2026-06-20T15:11:00.000Z
31,OCCUPIED,0.70,2026-06-22T14:23:00.000Z
31,OCCUPIED,1.06,2026-06-25T08:23:00.000Z
31,OCCUPIED,0.84,2026-06-27T08:26:00.000Z
31,OCCUPIED,0.85,2026-06-29T09:18:00.000Z
31,OCCUPIED,0.59,2026-06-30T15:59:00.000Z
31,OCCUPIED,0.71,2026-07-05T18:49:00.000Z
31,FREE,1.35,2026-07-06T14:51:00.000Z
31,FREE,0.53,2026-07-08T16:11:00.000Z
31,OCCUPIED,0.70,2026-07-10T20:43:00.000Z
31,OCCUPIED,1.17,2026-07-11T16:30:00.000Z
31,OCCUPIED,1.39,2026-07-13T09:31:00.000Z
31,OCCUPIED,0.66,2026-07-14T22:42:00.000Z
31,OCCUPIED,1.34,2026-07-14T10:01:00.000Z
31,FREE,0.59,2026-07-18T18:05:00.000Z
31,FREE,0.87,2026-07-19T09:49:00.000Z
31,OCCUPIED,0.59,2026-07-24T11:59:00.000Z
31,FREE,0.87,2026-07-26T13:04:00.000Z
32,FREE,0.73,2026-06-01T21:36:00.000Z
32,OCCUPIED,0.76,2026-06-01T17:35:00.000Z
32,FREE,0.55,2026-06-02T18:29:00.000Z
32,FREE,0.62,2026-06-02T13:06:00.000Z
32,OCCUPIED,0.88,2026-06-04T18:15:00.000Z
32,OCCUPIED,0.89,2026-06-05T13:44:00.000Z
32,FREE,1.38,2026-06-07T15:16:00.000Z
32,FREE,1.25,2026-06-08T08:46:00.000Z
32,OCCUPIED,1.07,2026-06-09T10:36:00.000Z
32,OCCUPIED,0.88,2026-06-10T17:59:00.000Z
32,FREE,0.57,2026-06-11T13:12:00.000Z
32,FREE,0.91,2026-06-12T10:06:00.000Z
32,OCCUPIED,0.68,2026-06-13T10:58:00.000Z
32,OCCUPIED,1.41,2026-06-13T15:04:00.000Z
32,OCCUPIED,1.36,2026-06-14T10:21:00.000Z
32,OCCUPIED,0.53,2026-06-15T13:56:00.000Z
32,OCCUPIED,0.78,2026-06-18T11:12:00.000Z
32,FREE,1.05,2026-06-19T18:51:00.000Z
32,FREE,1.31,2026-06-20T12:40:00.000Z
32,FREE,0.99,2026-06-21T15:36:00.000Z
32,FREE,1.36,2026-06-23T14:41:00.000Z
32,OCCUPIED,1.23,2026-06-27T13:58:00.000Z
32,OCCUPIED,0.86,2026-06-27T17:32:00.000Z
32,FREE,0.81,2026-06-28T07:13:00.000Z
32,OCCUPIED,1.05,2026-06-29T21:53:00.000Z
32,OCCUPIED,0.96,2026-07-01T12:00:00.000Z
32,FREE,1.32,2026-07-02T13:45:00.000Z
32,OCCUPIED,0.53,2026-07-03T13:39:00.000Z
32,FREE,1.01,2026-07-04T18:47:00.000Z
32,OCCUPIED,0.63,2026-07-05T13:57:00.000Z
32,OCCUPIED,0.85,2026-07-06T10:36:00.000Z
32,OCCUPIED,0.70,2026-07-08T10:28:00.000Z
32,FREE,0.90,2026-07-10T15:43:00.000Z
32,FREE,0.86,2026-07-11T19:56:00.000Z
32,FREE,1.28,2026-07-12T15:19:00.000Z
32,OCCUPIED,0.53,2026-07-16T18:43:00.000Z
32,FREE,1.11,2026-07-16T19:06:00.000Z
32,OCCUPIED,0.71,2026-07-17T13:49:00.000Z
32,FREE,0.52,2026-07-18T10:43:00.000Z
32,FREE,0.70,2026-07-20T10:01:00.000Z
32,OCCUPIED,0.89,2026-07-22T19:13:00.000Z
32,OCCUPIED,1.49,2026-07-22T09:44:00.000Z
32,OCCUPIED,1.12,2026-07-23T18:37:00.000Z
32,FREE,0.57,2026-07-24T18:33:00.000Z
32,FREE,0.91,2026-07-25T16:40:00.000Z
32,OCCUPIED,0.85,2026-07-26T08:29:00.000Z
33,OCCUPIED,0.89,2026-06-01T13:25:00.000Z
33,OCCUPIED,0.53,2026-06-01T09:36:00.000Z
33,OCCUPIED,0.75,2026-06-03T11:33:00.000Z
33,OCCUPIED,0.73,2026-06-04T11:05:00.000Z
33,FREE,0.84,2026-06-06T16:25:00.000Z
33,FREE,1.22,2026-06-08T20:21:00.000Z
33,FREE,0.58,2026-06-09T13:03:00.000Z
33,FREE,1.06,2026-06-10T17:37:00.000Z
33,OCCUPIED,0.83,2026-06-11T12:01:00.000Z
33,OCCUPIED,1.43,2026-06-11T13:26:00.000Z
33,FREE,0.86,2026-06-15T11:03:00.000Z
33,OCCUPIED,0.59,2026-06-16T15:23:00.000Z
33,OCCUPIED,0.74,2026-06-17T13:39:00.000Z
33,FREE,0.57,2026-06-18T09:30:00.000Z
33,FREE,0.80,2026-06-19T20:47:00.000Z
33,FREE,0.71,2026-06-21T19:57:00.000Z
33,FREE,1.39,2026-06-21T12:54:00.000Z
33,OCCUPIED,0.72,2026-06-22T17:16:00.000Z
33,FREE,1.35,2026-06-23T21:14:00.000Z
33,OCCUPIED,0.94,2026-06-24T19:05:00.000Z
33,OCCUPIED,1.02,2026-06-25T10:48:00.000Z
33,FREE,1.49,2026-06-25T18:02:00.000Z
33,OCCUPIED,0.82,2026-06-27T12:35:00.000Z
33,OCCUPIED,0.82,2026-06-28T07:33:00.000Z
33,OCCUPIED,0.81,2026-07-01T12:33:00.000Z
33,OCCUPIED,1.10,2026-07-02T08:45:00.000Z
33,FREE,1.45,2026-07-05T17:40:00.000Z
33,OCCUPIED,1.40,2026-07-05T20:54:00.000Z
33,OCCUPIED,1.26,2026-07-07T13:02:00.000Z
33,FREE,1.34,2026-07-08T17:08:00.000Z
33,OCCUPIED,1.28,2026-07-08T12:07:00.000Z
33,FREE,0.66,2026-07-09T19:31:00.000Z
33,OCCUPIED,1.13,2026-07-10T12:47:00.000Z
33,FREE,0.60,2026-07-11T13:39:00.000Z
33,FREE,0.78,2026-07-13T09:50:00.000Z
33,FREE,1.44,2026-07-15T18:27:00.000Z
33,OCCUPIED,1.02,2026-07-17T17:24:00.000Z
33,OCCUPIED,1.22,2026-07-18T19:02:00.000Z
33,OCCUPIED,0.70,2026-07-20T13:45:00.000Z
33,FREE,1.27,2026-07-22T18:32:00.000Z
33,OCCUPIED,0.60,2026-07-23T09:22:00.000Z
33,OCCUPIED,1.14,2026-07-24T12:50:00.000Z
33,OCCUPIED,0.73,2026-07-24T17:06:00.000Z
33,FREE,1.28,2026-07-25T10:31:00.000Z
33,OCCUPIED,1.43,2026-07-26T14:59:00.000Z
34,FREE,1.36,2026-06-02T18:57:00.000Z
34,OCCUPIED,1.35,2026-06-06T13:38:00.000Z
34,FREE,0.69,2026-06-06T22:07:00.000Z
34,OCCUPIED,1.26,2026-06-09T19:32:00.000Z
34,OCCUPIED,1.13,2026-06-09T22:56:00.000Z
34,FREE,1.34,2026-06-10T13:12:00.000Z
34,FREE,0.75,2026-06-12T12:09:00.000Z
34,FREE,1.38,2026-06-13T14:58:00.000Z
34,OCCUPIED,0.53,2026-06-15T18:33:00.000Z
34,FREE,0.73,2026-06-16T15:37:00.000Z
34,OCCUPIED,1.49,2026-06-18T21:01:00.000Z
34,FREE,1.37,2026-06-21T09:45:00.000Z
34,FREE,0.87,2026-06-21T09:07:00.000Z
34,OCCUPIED,1.21,2026-06-23T21:14:00.000Z
34,FREE,0.68,2026-06-26T12:00:00.000Z
34,OCCUPIED,1.50,2026-06-27T09:56:00.000Z
34,FREE,1.06,2026-06-28T19:21:00.000Z
34,OCCUPIED,0.90,2026-06-30T11:49:00.000Z
34,OCCUPIED,0.56,2026-07-03T10:22:00.000Z
34,FREE,1.43,2026-07-04T15:33:00.000Z
34,FREE,1.19,2026-07-05T19:15:00.000Z
34,FREE,0.75,2026-07-06T10:04:00.000Z
34,OCCUPIED,0.56,2026-07-07T08:02:00.000Z
34,OCCUPIED,0.97,2026-07-09T20:33:00.000Z
34,FREE,1.44,2026-07-11T14:27:00.000Z
34,FREE,1.41,2026-07-13T08:09:00.000Z
34,OCCUPIED,0.75,2026-07-14T12:35:00.000Z
34,OCCUPIED,1.36,2026-07-15T09:19:00.000Z
34,OCCUPIED,1.50,2026-07-16T11:32:00.000Z
34,OCCUPIED,1.31,2026-07-18T16:10:00.000Z
34,FREE,1.08,2026-07-19T12:15:00.000Z
34,OCCUPIED,1.37,2026-07-20T09:57:00.000Z
34,OCCUPIED,0.95,2026-07-21T14:22:00.000Z
34,FREE,0.65,2026-07-24T14:06:00.000Z
35,OCCUPIED,1.14,2026-06-01T16:39:00.000Z
35,FREE,1.42,2026-06-02T10:32:00.000Z
35,OCCUPIED,1.11,2026-06-03T10:27:00.000Z
35,OCCUPIED,1.04,2026-06-04T09:15:00.000Z
35,OCCUPIED,1.23,2026-06-05T12:03:00.000Z
35,OCCUPIED,0.87,2026-06-07T13:09:00.000Z
35,OCCUPIED,1.36,2026-06-08T07:53:00.000Z
35,OCCUPIED,0.73,2026-06-09T13:40:00.000Z
35,OCCUPIED,0.70,2026-06-12T10:19:00.000Z
35,OCCUPIED,1.28,2026-06-15T12:45:00.000Z
35,OCCUPIED,0.92,2026-06-16T17:58:00.000Z
35,OCCUPIED,1.27,2026-06-16T17:34:00.000Z
35,OCCUPIED,0.81,2026-06-20T13:17:00.000Z
35,FREE,1.17,2026-06-21T10:49:00.000Z
35,FREE,1.21,2026-06-22T12:55:00.000Z
35,FREE,0.59,2026-06-24T16:11:00.000Z
35,OCCUPIED,1.35,2026-06-26T18:34:00.000Z
35,OCCUPIED,0.86,2026-06-26T12:22:00.000Z
35,OCCUPIED,1.04,2026-06-30T14:49:00.000Z
35,OCCUPIED,1.46,2026-07-01T12:02:00.000Z
35,OCCUPIED,1.10,2026-07-06T14:15:00.000Z
35,OCCUPIED,1.03,2026-07-08T11:24:00.000Z
35,OCCUPIED,1.18,2026-07-09T14:41:00.000Z
35,OCCUPIED,1.30,2026-07-10T18:56:00.000Z
35,OCCUPIED,0.91,2026-07-11T12:04:00.000Z
35,OCCUPIED,1.41,2026-07-15T14:00:00.000Z
35,FREE,0.97,2026-07-16T20:46:00.000Z
35,OCCUPIED,1.00,2026-07-17T19:22:00.000Z
35,OCCUPIED,0.65,2026-07-19T13:33:00.000Z
35,FREE,0.55,2026-07-21T22:14:00.000Z
35,FREE,0.58,2026-07-22T19:50:00.000Z
35,OCCUPIED,1.39,2026-07-23T09:14:00.000Z
35,OCCUPIED,1.18,2026-07-23T19:46:00.000Z
35,OCCUPIED,1.11,2026-07-25T17:37:00.000Z
36,OCCUPIED,1.28,2026-06-01T17:59:00.000Z
36,FREE,1.37,2026-06-03T22:27:00.000Z
36,OCCUPIED,0.60,2026-06-04T11:50:00.000Z
36,OCCUPIED,0.73,2026-06-05T11:02:00.000Z
36,FREE,1.21,2026-06-06T10:09:00.000Z
36,OCCUPIED,1.05,2026-06-09T19:04:00.000Z
36,FREE,1.28,2026-06-10T10:27:00.000Z
36,OCCUPIED,1.35,2026-06-11T13:54:00.000Z
36,FREE,1.19,2026-06-11T15:51:00.000Z
36,OCCUPIED,1.25,2026-06-12T19:51:00.000Z
36,OCCUPIED,0.50,2026-06-13T10:45:00.000Z
36,FREE,0.59,2026-06-14T19:56:00.000Z
36,OCCUPIED,0.70,2026-06-16T18:16:00.000Z
36,OCCUPIED,1.37,2026-06-20T16:26:00.000Z
36,FREE,1.02,2026-06-21T09:48:00.000Z
36,OCCUPIED,1.06,2026-06-21T10:59:00.000Z
36,FREE,1.11,2026-06-22T17:26:00.000Z
36,OCCUPIED,1.49,2026-06-23T09:14:00.000Z
36,OCCUPIED,1.19,2026-06-23T17:00:00.000Z
36,OCCUPIED,1.48,2026-06-24T18:46:00.000Z
36,OCCUPIED,0.69,2026-06-25T18:28:00.000Z
36,OCCUPIED,0.98,2026-06-26T09:09:00.000Z
36,FREE,1.22,2026-06-28T16:43:00.000Z
36,OCCUPIED,0.88,2026-06-29T07:29:00.000Z
36,OCCUPIED,0.96,2026-06-30T17:21:00.000Z
36,OCCUPIED,1.06,2026-07-01T17:09:00.000Z
36,OCCUPIED,1.27,2026-07-02T13:28:00.000Z
36,FREE,0.65,2026-07-04T13:40:00.000Z
36,FREE,1.04,2026-07-05T11:08:00.000Z
36,OCCUPIED,1.19,2026-07-06T15:34:00.000Z
36,FREE,0.85,2026-07-07T13:34:00.000Z
36,FREE,1.29,2026-07-08T16:40:00.000Z
36,OCCUPIED,1.22,2026-07-10T11:29:00.000Z
36,FREE,1.32,2026-07-11T21:14:00.000Z
36,FREE,0.80,2026-07-11T21:28:00.000Z
36,FREE,0.51,2026-07-13T20:48:00.000Z
36,OCCUPIED,1.12,2026-07-14T09:22:00.000Z
36,OCCUPIED,0.62,2026-07-15T19:04:00.000Z
36,OCCUPIED,1.07,2026-07-16T17:06:00.000Z
36,OCCUPIED,0.86,2026-07-17T09:12:00.000Z
36,OCCUPIED,0.60,2026-07-18T13:44:00.000Z
36,OCCUPIED,1.48,2026-07-18T18:35:00.000Z
36,OCCUPIED,1.01,2026-07-19T09:41:00.000Z
36,FREE,1.37,2026-07-19T18:51:00.000Z
36,OCCUPIED,1.18,2026-07-20T09:16:00.000Z
36,OCCUPIED,0.78,2026-07-22T09:59:00.000Z
36,FREE,1.28,2026-07-22T07:53:00.000Z
36,OCCUPIED,1.16,2026-07-24T08:42:00.000Z
36,OCCUPIED,0.98,2026-07-25T16:58:00.000Z
36,FREE,0.71,2026-07-26T14:05:00.000Z
37,FREE,1.25,2026-06-01T14:18:00.000Z
37,OCCUPIED,1.31,2026-06-02T09:52:00.000Z
37,OCCUPIED,1.07,2026-06-03T16:44:00.000Z
37,FREE,0.79,2026-06-03T16:59:00.000Z
37,FREE,0.58,2026-06-05T08:02:00.000Z
37,OCCUPIED,1.37,2026-06-05T09:40:00.000Z
37,FREE,1.39,2026-06-06T17:06:00.000Z
37,OCCUPIED,1.23,2026-06-06T10:37:00.000Z
37,FREE,1.35,2026-06-07T10:58:00.000Z
37,OCCUPIED,0.81,2026-06-08T16:15:00.000Z
37,OCCUPIED,0.81,2026-06-09T12:59:00.000Z
37,OCCUPIED,0.74,2026-06-10T18:48:00.000Z
37,FREE,1.41,2026-06-11T07:44:00.000Z
37,FREE,0.52,2026-06-14T12:58:00.000Z
37,OCCUPIED,1.42,2026-06-15T09:42:00.000Z
37,FREE,1.31,2026-06-16T12:03:00.000Z
37,OCCUPIED,0.59,2026-06-17T10:40:00.000Z
37,OCCUPIED,1.18,2026-06-18T17:56:00.000Z
37,OCCUPIED,0.54,2026-06-19T17:10:00.000Z
37,OCCUPIED,1.27,2026-06-20T20:22:00.000Z
37,FREE,0.81,2026-06-21T11:54:00.000Z
37,OCCUPIED,1.32,2026-06-22T18:35:00.000Z
37,FREE,1.46,2026-06-23T20:20:00.000Z
37,FREE,0.84,2026-06-24T10:29:00.000Z
37,OCCUPIED,0.79,2026-06-24T10:44:00.000Z
37,OCCUPIED,0.70,2026-06-25T09:06:00.000Z
37,FREE,0.68,2026-06-25T15:12:00.000Z
37,OCCUPIED,0.99,2026-06-26T16:14:00.000Z
37,OCCUPIED,1.34,2026-06-27T13:21:00.000Z
37,OCCUPIED,0.71,2026-06-28T13:33:00.000Z
37,OCCUPIED,1.49,2026-06-29T17:00:00.000Z
37,OCCUPIED,0.85,2026-06-30T09:08:00.000Z
37,OCCUPIED,1.30,2026-07-01T09:19:00.000Z
37,OCCUPIED,0.51,2026-07-02T09:39:00.000Z
37,OCCUPIED,0.91,2026-07-03T10:47:00.000Z
37,OCCUPIED,0.94,2026-07-04T18:01:00.000Z
37,OCCUPIED,1.40,2026-07-05T12:53:00.000Z
37,FREE,1.36,2026-07-06T17:52:00.000Z
37,FREE,0.59,2026-07-07T16:59:00.000Z
37,FREE,0.68,2026-07-09T10:13:00.000Z
37,FREE,1.26,2026-07-09T18:34:00.000Z
37,OCCUPIED,1.00,2026-07-11T18:07:00.000Z
37,OCCUPIED,0.89,2026-07-13T16:04:00.000Z
37,FREE,1.00,2026-07-14T22:34:00.000Z
37,OCCUPIED,1.42,2026-07-14T13:12:00.000Z
37,FREE,1.29,2026-07-16T09:47:00.000Z
37,FREE,0.56,2026-07-17T21:59:00.000Z
37,OCCUPIED,1.25,2026-07-18T14:57:00.000Z
37,OCCUPIED,1.24,2026-07-19T09:00:00.000Z
37,FREE,0.56,2026-07-20T17:24:00.000Z
37,OCCUPIED,1.06,2026-07-21T12:54:00.000Z
37,OCCUPIED,0.88,2026-07-23T18:32:00.000Z
37,OCCUPIED,0.58,2026-07-25T17:28:00.000Z
37,FREE,0.76,2026-07-26T10:35:00.000Z
37,FREE,0.77,2026-07-26T11:57:00.000Z
38,FREE,0.91,2026-06-01T10:21:00.000Z
38,OCCUPIED,1.24,2026-06-02T17:03:00.000Z
38,FREE,0.93,2026-06-04T22:34:00.000Z
38,OCCUPIED,1.03,2026-06-05T20:38:00.000Z
38,OCCUPIED,0.90,2026-06-08T11:13:00.000Z
38,OCCUPIED,0.63,2026-06-09T11:46:00.000Z
38,OCCUPIED,0.85,2026-06-11T09:04:00.000Z
38,FREE,1.15,2026-06-11T21:18:00.000Z
38,FREE,0.54,2026-06-12T10:28:00.000Z
38,OCCUPIED,0.75,2026-06-12T17:39:00.000Z
38,FREE,0.77,2026-06-14T07:49:00.000Z
38,OCCUPIED,1.48,2026-06-15T19:51:00.000Z
38,OCCUPIED,0.59,2026-06-16T13:52:00.000Z
38,FREE,0.83,2026-06-19T13:13:00.000Z
38,OCCUPIED,0.84,2026-06-19T12:35:00.000Z
38,FREE,1.21,2026-06-21T19:10:00.000Z
38,FREE,0.87,2026-06-22T10:52:00.000Z
38,OCCUPIED,1.29,2026-06-22T07:44:00.000Z
38,OCCUPIED,1.34,2026-06-23T16:59:00.000Z
38,OCCUPIED,1.19,2026-06-23T19:53:00.000Z
38,FREE,1.35,2026-06-24T17:30:00.000Z
38,OCCUPIED,0.61,2026-06-24T07:35:00.000Z
38,OCCUPIED,1.09,2026-06-26T17:34:00.000Z
38,OCCUPIED,1.49,2026-06-29T18:34:00.000Z
38,OCCUPIED,1.01,2026-06-29T17:27:00.000Z
38,OCCUPIED,1.03,2026-06-30T13:25:00.000Z
38,FREE,1.00,2026-07-01T11:38:00.000Z
38,FREE,0.88,2026-07-03T19:48:00.000Z
38,OCCUPIED,0.73,2026-07-04T16:44:00.000Z
38,FREE,0.81,2026-07-04T13:40:00.000Z
38,FREE,0.86,2026-07-05T19:56:00.000Z
38,FREE,1.07,2026-07-08T12:42:00.000Z
38,FREE,0.55,2026-07-09T16:43:00.000Z
38,FREE,0.70,2026-07-09T12:22:00.000Z
38,OCCUPIED,1.39,2026-07-10T13:14:00.000Z
38,FREE,1.29,2026-07-10T16:05:00.000Z
38,FREE,1.10,2026-07-11T08:59:00.000Z
38,FREE,1.46,2026-07-12T07:53:00.000Z
38,OCCUPIED,0.61,2026-07-13T18:14:00.000Z
38,FREE,0.91,2026-07-14T18:28:00.000Z
38,OCCUPIED,0.80,2026-07-15T19:46:00.000Z
38,OCCUPIED,1.42,2026-07-16T12:54:00.000Z
38,OCCUPIED,0.62,2026-07-17T19:44:00.000Z
38,FREE,0.55,2026-07-18T15:50:00.000Z
38,FREE,1.16,2026-07-20T16:16:00.000Z
38,OCCUPIED,0.84,2026-07-21T09:43:00.000Z
38,OCCUPIED,0.52,2026-07-23T09:00:00.000Z
38,OCCUPIED,1.48,2026-07-24T19:10:00.000Z
38,OCCUPIED,1.02,2026-07-25T10:28:00.000Z
38,OCCUPIED,1.40,2026-07-26T19:30:00.000Z
38,FREE,0.95,2026-07-26T13:16:00.000Z
39,OCCUPIED,1.03,2026-06-01T09:19:00.000Z
39,OCCUPIED,1.35,2026-06-02T10:56:00.000Z
39,FREE,1.42,2026-06-06T16:21:00.000Z
39,OCCUPIED,0.97,2026-06-07T15:05:00.000Z
39,FREE,1.15,2026-06-08T14:18:00.000Z
39,FREE,1.29,2026-06-09T08:42:00.000Z
39,FREE,1.08,2026-06-09T14:26:00.000Z
39,OCCUPIED,1.22,2026-06-10T12:36:00.000Z
39,OCCUPIED,0.51,2026-06-11T09:23:00.000Z
39,OCCUPIED,0.66,2026-06-12T17:19:00.000Z
39,OCCUPIED,1.04,2026-06-13T13:46:00.000Z
39,FREE,1.42,2026-06-14T13:33:00.000Z
39,OCCUPIED,1.29,2026-06-15T19:25:00.000Z
39,OCCUPIED,0.65,2026-06-20T09:12:00.000Z
39,FREE,0.52,2026-06-20T08:57:00.000Z
39,OCCUPIED,1.19,2026-06-21T12:21:00.000Z
39,FREE,1.08,2026-06-22T14:30:00.000Z
39,OCCUPIED,1.45,2026-06-24T15:45:00.000Z
39,OCCUPIED,0.95,2026-06-29T12:17:00.000Z
39,FREE,1.49,2026-06-30T16:04:00.000Z
39,OCCUPIED,0.51,2026-07-06T13:48:00.000Z
39,FREE,1.07,2026-07-10T12:55:00.000Z
39,OCCUPIED,0.81,2026-07-11T13:47:00.000Z
39,OCCUPIED,0.77,2026-07-11T18:46:00.000Z
39,FREE,0.90,2026-07-12T20:59:00.000Z
39,FREE,0.78,2026-07-13T07:21:00.000Z
39,OCCUPIED,0.57,2026-07-14T18:31:00.000Z
39,OCCUPIED,1.10,2026-07-15T10:18:00.000Z
39,OCCUPIED,1.11,2026-07-16T15:48:00.000Z
39,FREE,0.76,2026-07-18T09:12:00.000Z
39,OCCUPIED,0.61,2026-07-19T17:33:00.000Z
39,OCCUPIED,1.43,2026-07-19T10:28:00.000Z
39,FREE,0.54,2026-07-20T22:18:00.000Z
39,OCCUPIED,1.34,2026-07-21T14:01:00.000Z
39,OCCUPIED,0.80,2026-07-22T19:22:00.000Z
39,FREE,0.79,2026-07-24T09:23:00.000Z
39,FREE,0.86,2026-07-25T15:04:00.000Z
40,OCCUPIED,1.20,2026-06-01T10:47:00.000Z
40,FREE,0.73,2026-06-03T11:54:00.000Z
40,OCCUPIED,0.50,2026-06-03T17:24:00.000Z
40,OCCUPIED,0.62,2026-06-04T11:22:00.000Z
40,FREE,1.05,2026-06-05T19:49:00.000Z
40,OCCUPIED,0.60,2026-06-06T08:19:00.000Z
40,OCCUPIED,0.78,2026-06-07T10:17:00.000Z
40,OCCUPIED,0.76,2026-06-07T11:50:00.000Z
40,OCCUPIED,1.46,2026-06-08T09:19:00.000Z
40,OCCUPIED,0.55,2026-06-09T19:28:00.000Z
40,OCCUPIED,0.67,2026-06-10T09:11:00.000Z
40,FREE,0.88,2026-06-12T16:27:00.000Z
40,OCCUPIED,0.50,2026-06-13T11:34:00.000Z
40,OCCUPIED,0.62,2026-06-16T13:05:00.000Z
40,OCCUPIED,0.73,2026-06-16T17:22:00.000Z
40,OCCUPIED,1.47,2026-06-17T13:39:00.000Z
40,OCCUPIED,0.97,2026-06-19T14:19:00.000Z
40,OCCUPIED,0.93,2026-06-20T09:41:00.000Z
40,OCCUPIED,1.00,2026-06-20T11:47:00.000Z
40,FREE,0.82,2026-06-21T20:12:00.000Z
40,FREE,1.23,2026-06-22T09:03:00.000Z
40,OCCUPIED,0.97,2026-06-22T18:54:00.000Z
40,OCCUPIED,0.54,2026-06-24T19:39:00.000Z
40,OCCUPIED,1.07,2026-06-25T19:01:00.000Z
40,OCCUPIED,0.58,2026-06-27T12:11:00.000Z
40,FREE,1.39,2026-06-28T11:43:00.000Z
40,FREE,0.87,2026-06-28T15:11:00.000Z
40,OCCUPIED,1.08,2026-06-29T11:55:00.000Z
40,OCCUPIED,1.28,2026-06-30T11:02:00.000Z
40,OCCUPIED,1.33,2026-07-03T17:42:00.000Z
40,FREE,1.40,2026-07-04T21:26:00.000Z
40,FREE,1.08,2026-07-05T09:23:00.000Z
40,FREE,1.00,2026-07-05T10:35:00.000Z
40,FREE,0.68,2026-07-06T08:38:00.000Z
40,OCCUPIED,0.97,2026-07-07T09:32:00.000Z
40,FREE,1.20,2026-07-09T14:54:00.000Z
40,OCCUPIED,1.29,2026-07-10T19:00:00.000Z
40,FREE,1.05,2026-07-11T15:36:00.000Z
40,OCCUPIED,0.81,2026-07-13T17:08:00.000Z
40,OCCUPIED,0.68,2026-07-15T13:00:00.000Z
40,OCCUPIED,1.44,2026-07-16T17:08:00.000Z
40,FREE,1.25,2026-07-19T12:02:00.000Z
40,OCCUPIED,1.27,2026-07-19T13:01:00.000Z
40,FREE,0.91,2026-07-20T20:08:00.000Z
40,FREE,1.46,2026-07-21T14:05:00.000Z
40,OCCUPIED,1.06,2026-07-22T13:31:00.000Z
40,OCCUPIED,1.11,2026-07-23T16:22:00.000Z
40,OCCUPIED,0.60,2026-07-24T14:12:00.000Z
40,OCCUPIED,1.25,2026-07-24T11:25:00.000Z
40,OCCUPIED,1.27,2026-07-26T08:59:00.000Z
41,OCCUPIED,1.22,2026-06-01T12:01:00.000Z
41,FREE,0.56,2026-06-02T16:34:00.000Z
41,OCCUPIED,0.57,2026-06-05T12:46:00.000Z
41,OCCUPIED,1.43,2026-06-07T19:09:00.000Z
41,OCCUPIED,0.55,2026-06-10T13:46:00.000Z
41,OCCUPIED,1.12,2026-06-10T09:57:00.000Z
41,FREE,0.77,2026-06-11T11:24:00.000Z
41,FREE,1.47,2026-06-12T14:56:00.000Z
41,FREE,1.35,2026-06-13T15:42:00.000Z
41,FREE,1.08,2026-06-14T11:05:00.000Z
41,OCCUPIED,0.51,2026-06-17T13:46:00.000Z
41,OCCUPIED,1.30,2026-06-18T19:01:00.000Z
41,FREE,0.80,2026-06-18T19:07:00.000Z
41,OCCUPIED,0.99,2026-06-20T13:09:00.000Z
41,OCCUPIED,1.36,2026-06-20T17:42:00.000Z
41,FREE,1.01,2026-06-21T19:05:00.000Z
41,FREE,1.24,2026-06-22T14:38:00.000Z
41,OCCUPIED,1.26,2026-06-24T17:19:00.000Z
41,FREE,0.54,2026-06-26T16:22:00.000Z
41,OCCUPIED,1.02,2026-06-26T09:34:00.000Z
41,OCCUPIED,0.99,2026-06-29T11:22:00.000Z
41,OCCUPIED,0.92,2026-06-29T19:13:00.000Z
41,FREE,1.14,2026-06-30T14:51:00.000Z
41,OCCUPIED,0.69,2026-07-01T13:09:00.000Z
41,FREE,1.35,2026-07-03T08:37:00.000Z
41,OCCUPIED,1.00,2026-07-06T18:41:00.000Z
41,FREE,1.31,2026-07-07T20:41:00.000Z
41,OCCUPIED,1.42,2026-07-08T19:18:00.000Z
41,OCCUPIED,0.73,2026-07-09T11:41:00.000Z
41,FREE,0.68,2026-07-10T10:08:00.000Z
41,FREE,0.93,2026-07-11T15:57:00.000Z
41,FREE,1.34,2026-07-12T17:55:00.000Z
41,FREE,0.72,2026-07-13T22:33:00.000Z
41,FREE,1.49,2026-07-14T09:01:00.000Z
41,OCCUPIED,1.21,2026-07-15T18:24:00.000Z
41,OCCUPIED,0.78,2026-07-18T11:45:00.000Z
41,OCCUPIED,1.38,2026-07-19T10:51:00.000Z
41,OCCUPIED,1.04,2026-07-20T10:38:00.000Z
41,OCCUPIED,1.14,2026-07-20T09:01:00.000Z
41,FREE,1.31,2026-07-21T18:11:00.000Z
41,OCCUPIED,0.94,2026-07-21T19:44:00.000Z
41,OCCUPIED,1.06,2026-07-22T15:16:00.000Z
41,FREE,0.94,2026-07-23T09:43:00.000Z
41,OCCUPIED,1.31,2026-07-24T19:19:00.000Z
41,OCCUPIED,1.43,2026-07-26T20:44:00.000Z
42,FREE,1.31,2026-06-01T09:14:00.000Z
42,FREE,1.15,2026-06-02T22:26:00.000Z
42,FREE,0.81,2026-06-03T15:55:00.000Z
42,OCCUPIED,1.46,2026-06-04T10:37:00.000Z
42,FREE,1.43,2026-06-05T15:05:00.000Z
42,FREE,0.59,2026-06-05T16:13:00.000Z
42,FREE,0.95,2026-06-06T13:12:00.000Z
42,FREE,0.93,2026-06-07T08:54:00.000Z
42,FREE,0.94,2026-06-09T18:35:00.000Z
42,FREE,0.92,2026-06-09T15:59:00.000Z
42,OCCUPIED,1.02,2026-06-10T09:29:00.000Z
42,OCCUPIED,1.01,2026-06-11T11:43:00.000Z
42,OCCUPIED,0.65,2026-06-11T20:33:00.000Z
42,OCCUPIED,1.45,2026-06-15T19:17:00.000Z
42,FREE,0.60,2026-06-15T10:13:00.000Z
42,FREE,0.66,2026-06-16T15:41:00.000Z
42,FREE,0.79,2026-06-19T07:52:00.000Z
42,OCCUPIED,1.10,2026-06-20T10:16:00.000Z
42,OCCUPIED,0.79,2026-06-22T12:09:00.000Z
42,FREE,1.29,2026-06-23T20:10:00.000Z
42,OCCUPIED,0.71,2026-06-25T09:18:00.000Z
42,FREE,1.36,2026-06-25T17:29:00.000Z
42,OCCUPIED,0.76,2026-06-26T17:16:00.000Z
42,OCCUPIED,1.09,2026-06-27T19:55:00.000Z
42,FREE,1.42,2026-06-28T16:53:00.000Z
42,OCCUPIED,0.82,2026-06-28T15:45:00.000Z
42,OCCUPIED,1.47,2026-06-30T12:38:00.000Z
42,FREE,0.86,2026-06-30T08:16:00.000Z
42,OCCUPIED,1.29,2026-07-03T22:48:00.000Z
42,OCCUPIED,1.40,2026-07-04T11:49:00.000Z
42,FREE,0.55,2026-07-05T15:44:00.000Z
42,OCCUPIED,0.64,2026-07-07T15:42:00.000Z
42,FREE,0.87,2026-07-08T18:46:00.000Z
42,FREE,0.95,2026-07-08T18:19:00.000Z
42,OCCUPIED,1.01,2026-07-09T19:08:00.000Z
42,OCCUPIED,0.93,2026-07-09T19:36:00.000Z
42,OCCUPIED,1.36,2026-07-10T16:25:00.000Z
42,OCCUPIED,1.15,2026-07-11T11:44:00.000Z
42,FREE,0.92,2026-07-12T17:12:00.000Z
42,OCCUPIED,1.21,2026-07-13T10:03:00.000Z
42,OCCUPIED,1.31,2026-07-16T19:34:00.000Z
42,FREE,0.63,2026-07-17T08:52:00.000Z
42,FREE,0.79,2026-07-18T17:26:00.000Z
42,FREE,0.77,2026-07-20T08:19:00.000Z
42,FREE,1.34,2026-07-21T08:04:00.000Z
42,FREE,0.69,2026-07-22T14:13:00.000Z
42,FREE,1.19,2026-07-23T08:39:00.000Z
42,OCCUPIED,0.56,2026-07-23T19:51:00.000Z
42,FREE,0.80,2026-07-25T22:51:00.000Z
42,FREE,0.86,2026-07-26T13:46:00.000Z
43,OCCUPIED,1.36,2026-06-01T21:57:00.000Z
43,OCCUPIED,1.03,2026-06-04T17:18:00.000Z
43,OCCUPIED,0.57,2026-06-05T11:46:00.000Z
43,OCCUPIED,0.93,2026-06-06T22:33:00.000Z
43,OCCUPIED,0.61,2026-06-07T22:58:00.000Z
43,OCCUPIED,1.45,2026-06-08T19:13:00.000Z
43,OCCUPIED,0.69,2026-06-09T10:56:00.000Z
43,OCCUPIED,0.94,2026-06-12T18:09:00.000Z
43,FREE,0.75,2026-06-14T07:44:00.000Z
43,FREE,1.18,2026-06-15T13:32:00.000Z
43,OCCUPIED,0.90,2026-06-16T10:50:00.000Z
43,OCCUPIED,1.06,2026-06-17T12:53:00.000Z
43,FREE,1.07,2026-06-18T14:48:00.000Z
43,OCCUPIED,1.33,2026-06-20T09:34:00.000Z
43,OCCUPIED,1.02,2026-06-22T11:50:00.000Z
43,OCCUPIED,1.41,2026-06-24T13:22:00.000Z
43,OCCUPIED,1.22,2026-06-26T19:42:00.000Z
43,FREE,1.00,2026-06-26T16:32:00.000Z
43,FREE,1.40,2026-06-28T18:00:00.000Z
43,OCCUPIED,0.61,2026-06-29T09:08:00.000Z
43,FREE,1.32,2026-06-30T18:57:00.000Z
43,FREE,0.72,2026-07-01T22:02:00.000Z
43,FREE,0.54,2026-07-03T13:31:00.000Z
43,OCCUPIED,0.94,2026-07-04T15:13:00.000Z
43,OCCUPIED,1.38,2026-07-05T17:56:00.000Z
43,OCCUPIED,0.60,2026-07-06T21:30:00.000Z
43,OCCUPIED,0.92,2026-07-06T19:22:00.000Z
43,FREE,0.60,2026-07-07T21:50:00.000Z
43,FREE,1.38,2026-07-10T13:45:00.000Z
43,FREE,0.65,2026-07-12T12:22:00.000Z
43,OCCUPIED,0.62,2026-07-14T17:28:00.000Z
43,FREE,1.33,2026-07-17T19:36:00.000Z
43,OCCUPIED,0.86,2026-07-18T12:33:00.000Z
43,FREE,0.60,2026-07-19T11:55:00.000Z
43,OCCUPIED,1.14,2026-07-21T11:42:00.000Z
43,FREE,1.41,2026-07-22T17:11:00.000Z
44,FREE,0.69,2026-06-02T07:55:00.000Z
44,FREE,0.64,2026-06-02T20:06:00.000Z
44,FREE,0.79,2026-06-07T18:00:00.000Z
44,FREE,1.12,2026-06-08T10:13:00.000Z
44,FREE,1.14,2026-06-09T19:16:00.000Z
44,FREE,1.27,2026-06-09T17:11:00.000Z
44,OCCUPIED,1.35,2026-06-10T12:53:00.000Z
44,FREE,0.82,2026-06-11T09:09:00.000Z
44,OCCUPIED,0.54,2026-06-12T20:58:00.000Z
44,FREE,1.15,2026-06-13T15:39:00.000Z
44,FREE,0.61,2026-06-14T13:18:00.000Z
44,OCCUPIED,1.25,2026-06-14T12:47:00.000Z
44,FREE,0.81,2026-06-15T16:06:00.000Z
44,FREE,0.50,2026-06-16T14:33:00.000Z
44,OCCUPIED,0.88,2026-06-17T13:27:00.000Z
44,OCCUPIED,0.98,2026-06-18T12:34:00.000Z
44,FREE,1.12,2026-06-19T21:15:00.000Z
44,FREE,1.11,2026-06-19T16:00:00.000Z
44,FREE,1.21,2026-06-20T17:36:00.000Z
44,FREE,0.85,2026-06-21T19:36:00.000Z
44,FREE,0.67,2026-06-22T16:35:00.000Z
44,FREE,1.45,2026-06-24T10:50:00.000Z
44,FREE,0.81,2026-06-25T17:51:00.000Z
44,OCCUPIED,0.90,2026-06-25T13:18:00.000Z
44,OCCUPIED,1.32,2026-06-26T18:43:00.000Z
44,OCCUPIED,0.99,2026-06-27T11:59:00.000Z
44,FREE,1.42,2026-06-28T17:08:00.000Z
44,FREE,0.99,2026-06-28T17:19:00.000Z
44,FREE,1.01,2026-06-30T18:37:00.000Z
44,OCCUPIED,0.97,2026-07-01T21:25:00.000Z
44,OCCUPIED,1.26,2026-07-02T21:38:00.000Z
44,FREE,1.00,2026-07-02T14:14:00.000Z
44,FREE,1.11,2026-07-04T20:03:00.000Z
44,OCCUPIED,0.55,2026-07-04T10:26:00.000Z
44,FREE,1.00,2026-07-05T13:40:00.000Z
44,FREE,1.09,2026-07-06T16:59:00.000Z
44,OCCUPIED,1.38,2026-07-07T16:37:00.000Z
44,OCCUPIED,1.02,2026-07-08T13:21:00.000Z
44,FREE,1.24,2026-07-10T12:45:00.000Z
44,FREE,0.52,2026-07-12T20:04:00.000Z
44,OCCUPIED,1.00,2026-07-13T09:56:00.000Z
44,OCCUPIED,1.24,2026-07-14T13:35:00.000Z
44,FREE,1.03,2026-07-15T09:17:00.000Z
44,FREE,1.29,2026-07-16T17:37:00.000Z
44,OCCUPIED,0.94,2026-07-17T20:22:00.000Z
44,OCCUPIED,1.45,2026-07-18T10:10:00.000Z
44,FREE,1.39,2026-07-19T19:18:00.000Z
44,FREE,0.76,2026-07-21T22:19:00.000Z
44,OCCUPIED,1.23,2026-07-22T12:55:00.000Z
44,FREE,1.18,2026-07-22T11:21:00.000Z
44,FREE,0.68,2026-07-23T21:28:00.000Z
44,OCCUPIED,1.23,2026-07-24T09:24:00.000Z
44,FREE,0.82,2026-07-25T17:36:00.000Z
44,FREE,1.32,2026-07-25T09:22:00.000Z
44,OCCUPIED,1.07,2026-07-26T14:42:00.000Z
44,FREE,0.58,2026-07-26T10:28:00.000Z
45,OCCUPIED,0.95,2026-06-02T13:11:00.000Z
45,OCCUPIED,1.30,2026-06-04T19:28:00.000Z
45,OCCUPIED,0.60,2026-06-05T12:02:00.000Z
45,OCCUPIED,0.68,2026-06-06T19:35:00.000Z
45,FREE,0.84,2026-06-07T12:48:00.000Z
45,FREE,0.64,2026-06-07T12:30:00.000Z
45,OCCUPIED,1.32,2026-06-09T13:01:00.000Z
45,OCCUPIED,1.18,2026-06-10T07:35:00.000Z
45,FREE,1.31,2026-06-11T22:30:00.000Z
45,FREE,0.73,2026-06-12T08:34:00.000Z
45,FREE,0.57,2026-06-13T08:07:00.000Z
45,OCCUPIED,1.19,2026-06-14T13:04:00.000Z
45,OCCUPIED,1.31,2026-06-15T12:14:00.000Z
45,OCCUPIED,1.06,2026-06-18T10:52:00.000Z
45,FREE,0.68,2026-06-21T10:50:00.000Z
45,OCCUPIED,0.84,2026-06-22T17:45:00.000Z
45,FREE,1.07,2026-06-23T17:24:00.000Z
45,OCCUPIED,0.79,2026-06-23T12:51:00.000Z
45,OCCUPIED,1.38,2026-06-25T18:23:00.000Z
45,OCCUPIED,0.96,2026-06-27T12:29:00.000Z
45,OCCUPIED,1.17,2026-06-28T18:19:00.000Z
45,OCCUPIED,1.40,2026-06-29T10:11:00.000Z
45,FREE,1.09,2026-06-30T08:23:00.000Z
45,OCCUPIED,1.36,2026-07-01T18:06:00.000Z
45,OCCUPIED,0.98,2026-07-03T11:02:00.000Z
45,FREE,1.05,2026-07-04T19:58:00.000Z
45,FREE,0.85,2026-07-05T17:46:00.000Z
45,FREE,0.87,2026-07-06T14:17:00.000Z
45,FREE,0.91,2026-07-07T10:54:00.000Z
45,OCCUPIED,0.72,2026-07-08T17:15:00.000Z
45,OCCUPIED,1.25,2026-07-09T17:41:00.000Z
45,FREE,1.12,2026-07-10T08:37:00.000Z
45,OCCUPIED,1.04,2026-07-13T21:16:00.000Z
45,OCCUPIED,0.53,2026-07-14T12:10:00.000Z
45,FREE,1.08,2026-07-15T21:43:00.000Z
45,OCCUPIED,0.88,2026-07-16T15:37:00.000Z
45,FREE,0.57,2026-07-18T17:41:00.000Z
45,FREE,0.56,2026-07-19T18:03:00.000Z
45,OCCUPIED,0.64,2026-07-21T19:42:00.000Z
45,OCCUPIED,1.07,2026-07-21T18:25:00.000Z
45,OCCUPIED,0.71,2026-07-23T13:50:00.000Z
45,OCCUPIED,1.38,2026-07-23T18:39:00.000Z
45,OCCUPIED,1.47,2026-07-24T14:39:00.000Z
45,OCCUPIED,0.92,2026-07-26T12:15:00.000Z
45,OCCUPIED,0.86,2026-07-26T15:34:00.000Z
46,OCCUPIED,0.65,2026-06-02T13:44:00.000Z
46,OCCUPIED,0.96,2026-06-02T14:43:00.000Z
46,OCCUPIED,0.69,2026-06-03T09:32:00.000Z
46,FREE,1.23,2026-06-08T17:25:00.000Z
46,OCCUPIED,1.32,2026-06-11T12:19:00.000Z
46,FREE,1.16,2026-06-12T17:58:00.000Z
46,FREE,0.91,2026-06-14T09:08:00.000Z
46,FREE,1.09,2026-06-15T09:24:00.000Z
46,FREE,0.74,2026-06-15T10:02:00.000Z
46,FREE,0.84,2026-06-17T22:17:00.000Z
46,FREE,1.39,2026-06-18T09:15:00.000Z
46,OCCUPIED,0.98,2026-06-20T12:01:00.000Z
46,OCCUPIED,1.25,2026-06-21T09:17:00.000Z
46,OCCUPIED,0.85,2026-06-22T17:36:00.000Z
46,OCCUPIED,1.39,2026-06-23T19:35:00.000Z
46,FREE,1.00,2026-06-24T17:45:00.000Z
46,OCCUPIED,1.44,2026-06-25T15:29:00.000Z
46,OCCUPIED,0.87,2026-06-26T13:59:00.000Z
46,OCCUPIED,0.75,2026-06-27T17:29:00.000Z
46,OCCUPIED,0.55,2026-06-28T11:12:00.000Z
46,FREE,1.25,2026-06-30T17:52:00.000Z
46,FREE,1.19,2026-07-01T09:24:00.000Z
46,OCCUPIED,1.47,2026-07-01T22:45:00.000Z
46,FREE,1.13,2026-07-03T13:34:00.000Z
46,OCCUPIED,0.52,2026-07-04T10:17:00.000Z
46,OCCUPIED,0.53,2026-07-05T18:05:00.000Z
46,OCCUPIED,0.61,2026-07-07T15:25:00.000Z
46,FREE,0.75,2026-07-08T16:05:00.000Z
46,FREE,1.22,2026-07-09T13:07:00.000Z
46,FREE,1.25,2026-07-13T16:50:00.000Z
46,OCCUPIED,1.03,2026-07-16T19:45:00.000Z
46,FREE,1.43,2026-07-16T14:33:00.000Z
46,OCCUPIED,1.25,2026-07-18T13:29:00.000Z
46,FREE,0.97,2026-07-19T19:52:00.000Z
46,OCCUPIED,1.24,2026-07-21T12:55:00.000Z
46,OCCUPIED,1.32,2026-07-24T17:07:00.000Z
47,OCCUPIED,1.45,2026-06-01T10:58:00.000Z
47,OCCUPIED,1.12,2026-06-01T09:55:00.000Z
47,FREE,0.59,2026-06-05T10:39:00.000Z
47,OCCUPIED,0.79,2026-06-06T12:24:00.000Z
47,FREE,0.70,2026-06-07T13:07:00.000Z
47,OCCUPIED,0.75,2026-06-08T17:47:00.000Z
47,OCCUPIED,0.79,2026-06-10T11:30:00.000Z
47,FREE,1.31,2026-06-10T17:19:00.000Z
47,OCCUPIED,0.79,2026-06-12T12:57:00.000Z
47,OCCUPIED,0.89,2026-06-15T09:28:00.000Z
47,OCCUPIED,1.08,2026-06-15T08:28:00.000Z
47,FREE,0.89,2026-06-16T16:40:00.000Z
47,OCCUPIED,1.01,2026-06-18T18:21:00.000Z
47,OCCUPIED,1.32,2026-06-18T11:41:00.000Z
47,OCCUPIED,0.96,2026-06-19T18:48:00.000Z
47,FREE,0.62,2026-06-24T20:26:00.000Z
47,OCCUPIED,1.50,2026-06-25T18:57:00.000Z
47,OCCUPIED,1.07,2026-06-27T10:07:00.000Z
47,OCCUPIED,0.84,2026-06-27T19:46:00.000Z
47,OCCUPIED,1.05,2026-06-29T18:08:00.000Z
47,OCCUPIED,0.51,2026-07-01T18:11:00.000Z
47,FREE,1.32,2026-07-02T15:10:00.000Z
47,OCCUPIED,0.65,2026-07-03T15:13:00.000Z
47,OCCUPIED,1.46,2026-07-07T11:17:00.000Z
47,OCCUPIED,0.97,2026-07-08T10:25:00.000Z
47,OCCUPIED,1.36,2026-07-09T18:52:00.000Z
47,OCCUPIED,1.32,2026-07-10T12:36:00.000Z
47,OCCUPIED,0.76,2026-07-11T17:52:00.000Z
47,FREE,0.59,2026-07-12T11:13:00.000Z
47,OCCUPIED,0.93,2026-07-13T19:52:00.000Z
47,FREE,1.06,2026-07-14T21:44:00.000Z
47,FREE,1.32,2026-07-15T08:40:00.000Z
47,OCCUPIED,1.18,2026-07-16T09:48:00.000Z
47,OCCUPIED,1.24,2026-07-17T19:33:00.000Z
47,FREE,0.73,2026-07-20T20:11:00.000Z
47,OCCUPIED,0.63,2026-07-21T10:42:00.000Z
47,OCCUPIED,1.50,2026-07-21T18:18:00.000Z
47,FREE,0.90,2026-07-22T14:14:00.000Z
48,FREE,0.60,2026-06-01T21:52:00.000Z
48,FREE,1.22,2026-06-01T16:13:00.000Z
48,OCCUPIED,0.57,2026-06-03T18:14:00.000Z
48,FREE,1.18,2026-06-06T13:44:00.000Z
48,OCCUPIED,0.51,2026-06-06T18:01:00.000Z
48,FREE,0.57,2026-06-09T09:57:00.000Z
48,OCCUPIED,0.76,2026-06-10T10:57:00.000Z
48,OCCUPIED,0.88,2026-06-10T18:52:00.000Z
48,FREE,0.58,2026-06-12T13:29:00.000Z
48,FREE,1.46,2026-06-13T09:23:00.000Z
48,OCCUPIED,0.59,2026-06-14T18:24:00.000Z
48,OCCUPIED,0.90,2026-06-14T12:26:00.000Z
48,OCCUPIED,0.72,2026-06-15T17:52:00.000Z
48,FREE,1.12,2026-06-15T10:30:00.000Z
48,OCCUPIED,1.21,2026-06-16T15:21:00.000Z
48,OCCUPIED,1.19,2026-06-17T08:54:00.000Z
48,FREE,0.76,2026-06-18T07:28:00.000Z
48,FREE,1.42,2026-06-19T10:57:00.000Z
48,OCCUPIED,0.59,2026-06-22T08:07:00.000Z
48,OCCUPIED,0.78,2026-06-23T09:59:00.000Z
48,OCCUPIED,1.20,2026-06-24T14:17:00.000Z
48,OCCUPIED,1.16,2026-06-25T12:34:00.000Z
48,FREE,0.68,2026-06-28T15:36:00.000Z
48,OCCUPIED,1.05,2026-06-29T18:29:00.000Z
48,FREE,0.93,2026-06-30T20:31:00.000Z
48,OCCUPIED,1.18,2026-07-01T12:45:00.000Z
48,FREE,1.05,2026-07-02T10:46:00.000Z
48,FREE,0.78,2026-07-02T09:28:00.000Z
48,FREE,1.04,2026-07-03T12:17:00.000Z
48,FREE,0.82,2026-07-05T13:31:00.000Z
48,OCCUPIED,0.60,2026-07-07T18:58:00.000Z
48,OCCUPIED,0.88,2026-07-09T19:15:00.000Z
48,FREE,0.79,2026-07-10T22:20:00.000Z
48,FREE,0.82,2026-07-11T15:51:00.000Z
48,OCCUPIED,0.71,2026-07-11T12:35:00.000Z
48,FREE,1.04,2026-07-12T15:53:00.000Z
48,FREE,0.92,2026-07-14T21:52:00.000Z
48,FREE,1.42,2026-07-15T09:18:00.000Z
48,OCCUPIED,0.94,2026-07-17T07:37:00.000Z
48,FREE,1.04,2026-07-18T18:17:00.000Z
48,FREE,0.84,2026-07-19T12:07:00.000Z
48,FREE,1.48,2026-07-22T07:16:00.000Z
48,OCCUPIED,1.14,2026-07-24T08:33:00.000Z
48,FREE,0.64,2026-07-26T12:16:00.000Z
49,OCCUPIED,1.49,2026-06-02T13:39:00.000Z
49,FREE,1.50,2026-06-04T10:21:00.000Z
49,OCCUPIED,1.25,2026-06-06T22:14:00.000Z
49,FREE,1.28,2026-06-07T11:05:00.000Z
49,FREE,0.52,2026-06-08T18:20:00.000Z
49,OCCUPIED,1.34,2026-06-09T11:45:00.000Z
49,FREE,0.78,2026-06-09T10:31:00.000Z
49,OCCUPIED,1.07,2026-06-10T13:12:00.000Z
49,OCCUPIED,0.55,2026-06-12T13:13:00.000Z
49,OCCUPIED,0.63,2026-06-15T17:52:00.000Z
49,OCCUPIED,1.26,2026-06-15T19:01:00.000Z
49,FREE,0.99,2026-06-16T09:59:00.000Z
49,FREE,1.09,2026-06-17T17:37:00.000Z
49,FREE,0.91,2026-06-17T22:22:00.000Z
49,FREE,0.61,2026-06-20T21:17:00.000Z
49,FREE,1.20,2026-06-22T19:19:00.000Z
49,FREE,0.58,2026-06-23T10:41:00.000Z
49,FREE,1.02,2026-06-24T07:43:00.000Z
49,OCCUPIED,0.51,2026-06-25T12:05:00.000Z
49,OCCUPIED,1.02,2026-06-26T12:44:00.000Z
49,OCCUPIED,0.84,2026-06-27T10:16:00.000Z
49,FREE,1.03,2026-06-29T12:06:00.000Z
49,OCCUPIED,0.97,2026-07-01T15:12:00.000Z
49,OCCUPIED,0.88,2026-07-02T09:00:00.000Z
49,FREE,1.02,2026-07-03T16:53:00.000Z
49,FREE,0.81,2026-07-04T09:43:00.000Z
49,OCCUPIED,0.60,2026-07-05T18:38:00.000Z
49,FREE,0.84,2026-07-06T17:26:00.000Z
49,OCCUPIED,1.05,2026-07-08T19:08:00.000Z
49,FREE,1.40,2026-07-11T08:54:00.000Z
49,OCCUPIED,0.89,2026-07-12T12:42:00.000Z
49,FREE,1.27,2026-07-12T09:54:00.000Z
49,FREE,1.47,2026-07-13T10:53:00.000Z
49,OCCUPIED,1.26,2026-07-14T09:32:00.000Z
49,OCCUPIED,1.26,2026-07-15T09:13:00.000Z
49,OCCUPIED,1.24,2026-07-15T16:14:00.000Z
49,OCCUPIED,0.71,2026-07-20T11:22:00.000Z
49,OCCUPIED,0.79,2026-07-20T18:14:00.000Z
49,FREE,1.28,2026-07-23T10:41:00.000Z
49,FREE,0.99,2026-07-26T20:46:00.000Z
50,OCCUPIED,0.64,2026-06-01T13:59:00.000Z
50,OCCUPIED,1.19,2026-06-03T10:36:00.000Z
50,OCCUPIED,1.33,2026-06-04T17:35:00.000Z
50,OCCUPIED,1.02,2026-06-06T11:08:00.000Z
50,FREE,1.45,2026-06-07T12:55:00.000Z
50,FREE,1.34,2026-06-07T12:17:00.000Z
50,OCCUPIED,1.12,2026-06-10T17:13:00.000Z
50,FREE,1.38,2026-06-12T22:14:00.000Z
50,OCCUPIED,1.04,2026-06-13T18:08:00.000Z
50,OCCUPIED,0.61,2026-06-16T11:31:00.000Z
50,OCCUPIED,0.65,2026-06-17T10:15:00.000Z
50,OCCUPIED,0.92,2026-06-18T10:53:00.000Z
50,OCCUPIED,0.89,2026-06-18T13:21:00.000Z
50,FREE,0.60,2026-06-19T08:59:00.000Z
50,OCCUPIED,1.32,2026-06-20T19:46:00.000Z
50,OCCUPIED,0.55,2026-06-21T18:22:00.000Z
50,OCCUPIED,0.76,2026-06-23T10:31:00.000Z
50,FREE,1.27,2026-06-23T17:10:00.000Z
50,FREE,1.13,2026-06-24T18:52:00.000Z
50,FREE,0.72,2026-06-24T12:12:00.000Z
50,OCCUPIED,0.81,2026-06-25T12:42:00.000Z
50,FREE,0.63,2026-06-28T20:02:00.000Z
50,FREE,1.22,2026-06-29T15:05:00.000Z
50,FREE,1.03,2026-06-29T12:39:00.000Z
50,FREE,1.48,2026-06-30T20:53:00.000Z
50,FREE,0.86,2026-07-01T19:33:00.000Z
50,OCCUPIED,0.51,2026-07-02T14:15:00.000Z
50,OCCUPIED,1.47,2026-07-04T21:54:00.000Z
50,FREE,1.36,2026-07-05T20:03:00.000Z
50,OCCUPIED,1.31,2026-07-08T13:37:00.000Z
50,FREE,0.94,2026-07-09T09:57:00.000Z
50,OCCUPIED,1.38,2026-07-13T11:37:00.000Z
50,OCCUPIED,1.38,2026-07-15T10:24:00.000Z
50,FREE,1.25,2026-07-16T09:36:00.000Z
50,OCCUPIED,1.01,2026-07-19T17:44:00.000Z
50,FREE,1.02,2026-07-20T09:10:00.000Z
50,OCCUPIED,0.53,2026-07-21T13:14:00.000Z
50,OCCUPIED,1.25,2026-07-21T17:36:00.000Z
50,FREE,0.80,2026-07-23T15:02:00.000Z
50,OCCUPIED,0.79,2026-07-24T11:54:00.000Z
50,FREE,0.59,2026-07-25T09:42:00.000Z
50,FREE,0.99,2026-07-26T12:06:00.000Z
51,OCCUPIED,0.96,2026-06-01T12:18:00.000Z
51,OCCUPIED,1.47,2026-06-02T12:34:00.000Z
51,OCCUPIED,0.71,2026-06-02T12:09:00.000Z
51,OCCUPIED,1.04,2026-06-03T12:24:00.000Z
51,FREE,1.37,2026-06-07T19:48:00.000Z
51,OCCUPIED,1.42,2026-06-08T11:15:00.000Z
51,FREE,1.08,2026-06-09T18:13:00.000Z
51,FREE,1.03,2026-06-11T15:10:00.000Z
51,OCCUPIED,0.77,2026-06-12T10:00:00.000Z
51,OCCUPIED,0.63,2026-06-12T11:03:00.000Z
51,FREE,0.98,2026-06-14T09:25:00.000Z
51,OCCUPIED,0.84,2026-06-14T11:24:00.000Z
51,OCCUPIED,1.26,2026-06-15T11:33:00.000Z
51,OCCUPIED,1.38,2026-06-16T19:53:00.000Z
51,OCCUPIED,0.98,2026-06-17T18:16:00.000Z
51,FREE,0.64,2026-06-19T11:42:00.000Z
51,FREE,1.12,2026-06-21T09:13:00.000Z
51,OCCUPIED,0.72,2026-06-22T09:24:00.000Z
51,OCCUPIED,0.72,2026-06-23T19:25:00.000Z
51,OCCUPIED,0.97,2026-06-27T11:23:00.000Z
51,OCCUPIED,0.56,2026-06-29T13:13:00.000Z
51,OCCUPIED,1.00,2026-07-02T16:03:00.000Z
51,OCCUPIED,1.35,2026-07-03T13:01:00.000Z
51,FREE,1.12,2026-07-05T11:10:00.000Z
51,OCCUPIED,1.43,2026-07-06T19:41:00.000Z
51,OCCUPIED,0.72,2026-07-07T10:07:00.000Z
51,OCCUPIED,0.96,2026-07-09T17:13:00.000Z
51,FREE,1.08,2026-07-09T21:04:00.000Z
51,OCCUPIED,1.16,2026-07-10T12:51:00.000Z
51,OCCUPIED,0.57,2026-07-11T08:21:00.000Z
51,OCCUPIED,1.01,2026-07-11T15:44:00.000Z
51,OCCUPIED,1.36,2026-07-13T19:58:00.000Z
51,OCCUPIED,1.50,2026-07-14T09:09:00.000Z
51,OCCUPIED,1.16,2026-07-15T17:55:00.000Z
51,OCCUPIED,1.05,2026-07-16T13:52:00.000Z
51,OCCUPIED,1.03,2026-07-18T13:33:00.000Z
51,FREE,0.80,2026-07-19T07:44:00.000Z
51,OCCUPIED,1.38,2026-07-19T10:04:00.000Z
51,FREE,0.64,2026-07-20T16:28:00.000Z
51,OCCUPIED,1.01,2026-07-21T21:16:00.000Z
51,OCCUPIED,1.21,2026-07-21T18:13:00.000Z
51,OCCUPIED,1.44,2026-07-22T20:15:00.000Z
51,OCCUPIED,0.91,2026-07-22T11:36:00.000Z
51,OCCUPIED,0.62,2026-07-24T22:38:00.000Z
51,FREE,1.15,2026-07-24T09:35:00.000Z
51,FREE,0.58,2026-07-25T10:08:00.000Z
51,FREE,0.63,2026-07-26T10:00:00.000Z
52,OCCUPIED,1.04,2026-06-01T19:50:00.000Z
52,OCCUPIED,0.86,2026-06-02T18:28:00.000Z
52,FREE,0.95,2026-06-02T18:41:00.000Z
52,FREE,1.12,2026-06-03T09:23:00.000Z
52,OCCUPIED,1.32,2026-06-03T09:37:00.000Z
52,FREE,0.86,2026-06-04T10:06:00.000Z
52,FREE,1.00,2026-06-05T12:04:00.000Z
52,OCCUPIED,0.75,2026-06-07T22:33:00.000Z
52,OCCUPIED,1.08,2026-06-09T09:24:00.000Z
52,FREE,0.94,2026-06-10T17:30:00.000Z
52,FREE,0.81,2026-06-11T07:19:00.000Z
52,OCCUPIED,1.01,2026-06-12T09:59:00.000Z
52,OCCUPIED,0.79,2026-06-13T13:17:00.000Z
52,FREE,1.07,2026-06-14T15:11:00.000Z
52,FREE,1.05,2026-06-14T12:15:00.000Z
52,OCCUPIED,0.67,2026-06-15T11:54:00.000Z
52,OCCUPIED,1.28,2026-06-17T17:14:00.000Z
52,FREE,0.60,2026-06-18T18:36:00.000Z
52,FREE,0.84,2026-06-21T17:01:00.000Z
52,OCCUPIED,1.46,2026-06-22T18:36:00.000Z
52,FREE,0.64,2026-06-24T20:14:00.000Z
52,FREE,1.20,2026-06-24T09:59:00.000Z
52,OCCUPIED,1.46,2026-06-26T13:26:00.000Z
52,OCCUPIED,0.81,2026-06-27T08:55:00.000Z
52,OCCUPIED,1.39,2026-06-28T10:19:00.000Z
52,FREE,1.26,2026-06-28T15:10:00.000Z
52,FREE,0.83,2026-06-29T19:52:00.000Z
52,OCCUPIED,0.61,2026-07-01T09:35:00.000Z
52,OCCUPIED,0.98,2026-07-01T09:53:00.000Z
52,OCCUPIED,1.46,2026-07-02T19:16:00.000Z
52,OCCUPIED,1.19,2026-07-04T09:32:00.000Z
52,OCCUPIED,0.80,2026-07-06T16:48:00.000Z
52,OCCUPIED,0.53,2026-07-06T12:22:00.000Z
52,OCCUPIED,0.96,2026-07-07T14:54:00.000Z
52,OCCUPIED,0.79,2026-07-08T17:51:00.000Z
52,OCCUPIED,0.93,2026-07-09T19:46:00.000Z
52,FREE,1.28,2026-07-10T17:51:00.000Z
52,FREE,0.74,2026-07-11T16:43:00.000Z
52,OCCUPIED,0.53,2026-07-14T17:45:00.000Z
52,FREE,0.74,2026-07-14T19:43:00.000Z
52,FREE,0.84,2026-07-17T14:22:00.000Z
52,FREE,1.19,2026-07-18T20:33:00.000Z
52,FREE,1.09,2026-07-22T08:24:00.000Z
52,OCCUPIED,0.86,2026-07-24T12:16:00.000Z
52,FREE,1.07,2026-07-25T19:39:00.000Z
52,OCCUPIED,0.75,2026-07-26T10:09:00.000Z
53,FREE,1.10,2026-06-02T21:32:00.000Z
53,OCCUPIED,1.13,2026-06-03T12:34:00.000Z
53,FREE,1.45,2026-06-05T19:07:00.000Z
53,FREE,0.59,2026-06-07T13:41:00.000Z
53,FREE,1.36,2026-06-07T11:57:00.000Z
53,OCCUPIED,0.70,2026-06-09T09:47:00.000Z
53,OCCUPIED,0.90,2026-06-10T21:20:00.000Z
53,FREE,1.07,2026-06-10T16:14:00.000Z
53,OCCUPIED,0.59,2026-06-11T20:27:00.000Z
53,FREE,0.58,2026-06-12T15:17:00.000Z
53,OCCUPIED,1.21,2026-06-13T13:30:00.000Z
53,OCCUPIED,0.69,2026-06-14T15:23:00.000Z
53,FREE,0.99,2026-06-15T12:31:00.000Z
53,OCCUPIED,0.76,2026-06-17T12:55:00.000Z
53,OCCUPIED,0.81,2026-06-18T12:37:00.000Z
53,OCCUPIED,1.08,2026-06-19T13:32:00.000Z
53,OCCUPIED,1.18,2026-06-19T18:15:00.000Z
53,FREE,1.15,2026-06-20T14:02:00.000Z
53,OCCUPIED,1.48,2026-06-20T17:20:00.000Z
53,FREE,1.13,2026-06-21T10:42:00.000Z
53,FREE,1.44,2026-06-22T17:28:00.000Z
53,OCCUPIED,1.00,2026-06-23T15:07:00.000Z
53,OCCUPIED,0.95,2026-06-24T20:02:00.000Z
53,OCCUPIED,1.14,2026-06-26T15:32:00.000Z
53,OCCUPIED,1.23,2026-06-27T17:03:00.000Z
53,OCCUPIED,1.49,2026-06-27T19:11:00.000Z
53,OCCUPIED,1.10,2026-06-28T12:05:00.000Z
53,FREE,0.58,2026-06-29T15:21:00.000Z
53,OCCUPIED,0.96,2026-06-30T10:42:00.000Z
53,OCCUPIED,0.62,2026-07-03T10:24:00.000Z
53,FREE,0.60,2026-07-03T09:47:00.000Z
53,FREE,1.33,2026-07-04T12:51:00.000Z
53,FREE,1.33,2026-07-04T07:23:00.000Z
53,OCCUPIED,0.62,2026-07-05T19:20:00.000Z
53,OCCUPIED,1.00,2026-07-06T12:55:00.000Z
53,OCCUPIED,1.45,2026-07-07T18:51:00.000Z
53,OCCUPIED,0.92,2026-07-07T11:24:00.000Z
53,FREE,1.19,2026-07-08T17:38:00.000Z
53,FREE,0.86,2026-07-10T15:17:00.000Z
53,FREE,1.21,2026-07-11T10:19:00.000Z
53,FREE,1.32,2026-07-11T08:51:00.000Z
53,OCCUPIED,1.30,2026-07-12T12:50:00.000Z
53,OCCUPIED,0.77,2026-07-14T13:39:00.000Z
53,OCCUPIED,1.27,2026-07-17T13:15:00.000Z
53,FREE,0.81,2026-07-18T14:33:00.000Z
53,FREE,0.75,2026-07-19T13:50:00.000Z
53,OCCUPIED,0.64,2026-07-20T12:23:00.000Z
53,FREE,0.56,2026-07-21T10:25:00.000Z
53,FREE,0.94,2026-07-22T09:16:00.000Z
53,FREE,1.31,2026-07-23T08:11:00.000Z
53,OCCUPIED,0.67,2026-07-24T10:35:00.000Z
54,OCCUPIED,0.59,2026-06-01T19:31:00.000Z
54,FREE,1.13,2026-06-04T16:19:00.000Z
54,OCCUPIED,1.14,2026-06-05T17:51:00.000Z
54,FREE,0.73,2026-06-07T10:09:00.000Z
54,FREE,1.20,2026-06-08T20:54:00.000Z
54,OCCUPIED,1.50,2026-06-09T12:26:00.000Z
54,FREE,1.42,2026-06-10T11:49:00.000Z
54,OCCUPIED,1.11,2026-06-11T19:44:00.000Z
54,FREE,1.41,2026-06-13T13:02:00.000Z
54,FREE,1.42,2026-06-15T12:22:00.000Z
54,FREE,0.84,2026-06-17T07:04:00.000Z
54,FREE,0.99,2026-06-18T21:06:00.000Z
54,OCCUPIED,1.44,2026-06-20T13:14:00.000Z
54,FREE,0.81,2026-06-20T17:26:00.000Z
54,OCCUPIED,1.49,2026-06-22T08:57:00.000Z
54,OCCUPIED,0.85,2026-06-23T13:18:00.000Z
54,OCCUPIED,1.15,2026-06-26T18:18:00.000Z
54,FREE,0.89,2026-06-27T09:13:00.000Z
54,OCCUPIED,1.25,2026-06-28T15:54:00.000Z
54,FREE,0.71,2026-06-29T09:49:00.000Z
54,FREE,1.05,2026-06-30T10:11:00.000Z
54,FREE,0.68,2026-07-03T19:26:00.000Z
54,OCCUPIED,1.17,2026-07-04T09:02:00.000Z
54,OCCUPIED,0.90,2026-07-07T19:05:00.000Z
54,FREE,1.18,2026-07-08T07:57:00.000Z
54,OCCUPIED,1.48,2026-07-08T10:36:00.000Z
54,FREE,1.37,2026-07-09T14:47:00.000Z
54,OCCUPIED,1.46,2026-07-10T17:18:00.000Z
54,FREE,0.52,2026-07-12T13:02:00.000Z
54,FREE,1.06,2026-07-13T19:54:00.000Z
54,OCCUPIED,0.85,2026-07-14T13:38:00.000Z
54,OCCUPIED,0.84,2026-07-16T17:45:00.000Z
54,OCCUPIED,1.10,2026-07-16T09:47:00.000Z
54,OCCUPIED,1.19,2026-07-17T17:32:00.000Z
54,OCCUPIED,1.13,2026-07-18T13:09:00.000Z
54,OCCUPIED,1.32,2026-07-20T11:27:00.000Z
54,FREE,0.94,2026-07-21T13:12:00.000Z
54,FREE,1.41,2026-07-22T13:56:00.000Z
54,OCCUPIED,1.14,2026-07-23T19:47:00.000Z
54,OCCUPIED,0.69,2026-07-24T10:36:00.000Z
54,FREE,0.69,2026-07-25T20:23:00.000Z
55,OCCUPIED,0.56,2026-06-01T18:38:00.000Z
55,FREE,1.15,2026-06-02T14:06:00.000Z
55,OCCUPIED,0.52,2026-06-03T12:23:00.000Z
55,FREE,1.47,2026-06-04T12:52:00.000Z
55,OCCUPIED,0.61,2026-06-05T17:21:00.000Z
55,OCCUPIED,0.72,2026-06-05T19:25:00.000Z
55,FREE,0.63,2026-06-07T17:41:00.000Z
55,FREE,1.08,2026-06-07T13:12:00.000Z
55,OCCUPIED,1.43,2026-06-08T17:03:00.000Z
55,FREE,1.12,2026-06-09T11:40:00.000Z
55,OCCUPIED,1.36,2026-06-11T18:07:00.000Z
55,OCCUPIED,0.79,2026-06-12T18:13:00.000Z
55,FREE,1.13,2026-06-13T22:29:00.000Z
55,FREE,1.22,2026-06-13T07:39:00.000Z
55,FREE,1.28,2026-06-16T07:51:00.000Z
55,FREE,1.02,2026-06-18T16:21:00.000Z
55,OCCUPIED,1.31,2026-06-20T13:31:00.000Z
55,FREE,1.06,2026-06-21T22:22:00.000Z
55,OCCUPIED,1.47,2026-06-22T14:22:00.000Z
55,OCCUPIED,1.33,2026-06-25T09:21:00.000Z
55,FREE,1.37,2026-06-26T15:34:00.000Z
55,FREE,1.33,2026-06-27T13:25:00.000Z
55,FREE,1.22,2026-06-28T17:17:00.000Z
55,FREE,0.87,2026-06-30T18:04:00.000Z
55,FREE,1.13,2026-07-01T16:04:00.000Z
55,OCCUPIED,1.27,2026-07-01T19:38:00.000Z
55,OCCUPIED,0.76,2026-07-02T17:25:00.000Z
55,FREE,1.48,2026-07-04T09:29:00.000Z
55,OCCUPIED,1.22,2026-07-06T19:15:00.000Z
55,FREE,1.30,2026-07-09T22:04:00.000Z
55,FREE,0.60,2026-07-10T11:35:00.000Z
55,OCCUPIED,1.45,2026-07-11T11:45:00.000Z
55,FREE,0.59,2026-07-12T10:23:00.000Z
55,FREE,0.92,2026-07-16T12:41:00.000Z
55,FREE,1.45,2026-07-18T09:18:00.000Z
55,FREE,0.82,2026-07-19T11:15:00.000Z
55,FREE,1.30,2026-07-20T08:38:00.000Z
55,OCCUPIED,1.33,2026-07-21T21:30:00.000Z
55,FREE,0.53,2026-07-22T18:53:00.000Z
55,OCCUPIED,0.79,2026-07-23T18:21:00.000Z
55,FREE,1.17,2026-07-24T19:25:00.000Z
55,OCCUPIED,0.93,2026-07-25T18:40:00.000Z
55,OCCUPIED,0.86,2026-07-26T10:21:00.000Z
56,FREE,0.54,2026-06-01T15:14:00.000Z
56,OCCUPIED,1.39,2026-06-02T11:39:00.000Z
56,FREE,0.65,2026-06-03T20:57:00.000Z
56,OCCUPIED,0.93,2026-06-04T13:23:00.000Z
56,OCCUPIED,1.41,2026-06-05T09:31:00.000Z
56,OCCUPIED,1.22,2026-06-06T16:12:00.000Z
56,FREE,0.54,2026-06-06T14:37:00.000Z
56,FREE,0.75,2026-06-08T14:09:00.000Z
56,FREE,1.35,2026-06-08T16:01:00.000Z
56,OCCUPIED,1.38,2026-06-09T09:52:00.000Z
56,OCCUPIED,1.41,2026-06-11T19:37:00.000Z
56,OCCUPIED,1.39,2026-06-12T19:59:00.000Z
56,OCCUPIED,0.71,2026-06-14T11:38:00.000Z
56,OCCUPIED,1.02,2026-06-15T13:42:00.000Z
56,FREE,1.35,2026-06-17T09:45:00.000Z
56,FREE,1.25,2026-06-18T08:09:00.000Z
56,OCCUPIED,0.50,2026-06-19T09:55:00.000Z
56,FREE,0.80,2026-06-20T17:06:00.000Z
56,OCCUPIED,1.15,2026-06-22T09:15:00.000Z
56,OCCUPIED,1.43,2026-06-24T18:01:00.000Z
56,FREE,1.15,2026-06-25T12:42:00.000Z
56,FREE,0.93,2026-06-26T12:55:00.000Z
56,FREE,1.06,2026-06-26T19:56:00.000Z
56,FREE,0.75,2026-06-29T15:16:00.000Z
56,OCCUPIED,0.60,2026-07-02T18:39:00.000Z
56,OCCUPIED,0.69,2026-07-02T22:01:00.000Z
56,FREE,1.21,2026-07-03T15:36:00.000Z
56,FREE,1.01,2026-07-05T19:03:00.000Z
56,FREE,0.81,2026-07-07T19:33:00.000Z
56,OCCUPIED,1.25,2026-07-08T08:41:00.000Z
56,FREE,0.73,2026-07-09T08:34:00.000Z
56,OCCUPIED,0.87,2026-07-11T13:20:00.000Z
56,OCCUPIED,0.84,2026-07-11T13:59:00.000Z
56,FREE,1.46,2026-07-12T09:33:00.000Z
56,FREE,1.45,2026-07-13T18:29:00.000Z
56,OCCUPIED,0.97,2026-07-14T13:54:00.000Z
56,OCCUPIED,0.64,2026-07-17T10:04:00.000Z
56,FREE,1.31,2026-07-18T10:31:00.000Z
56,OCCUPIED,1.24,2026-07-19T13:49:00.000Z
56,OCCUPIED,1.30,2026-07-20T15:21:00.000Z
56,FREE,0.55,2026-07-22T13:09:00.000Z
56,FREE,1.04,2026-07-23T21:37:00.000Z
56,FREE,1.21,2026-07-24T11:44:00.000Z
56,FREE,1.14,2026-07-25T16:34:00.000Z
56,FREE,0.74,2026-07-26T16:31:00.000Z
57,FREE,1.08,2026-06-01T20:05:00.000Z
57,FREE,1.01,2026-06-01T15:06:00.000Z
57,FREE,0.92,2026-06-02T07:37:00.000Z
57,OCCUPIED,1.26,2026-06-03T09:28:00.000Z
57,OCCUPIED,1.17,2026-06-03T11:24:00.000Z
57,OCCUPIED,0.75,2026-06-04T19:32:00.000Z
57,OCCUPIED,1.49,2026-06-05T19:32:00.000Z
57,FREE,1.30,2026-06-07T14:58:00.000Z
57,FREE,0.59,2026-06-08T07:54:00.000Z
57,OCCUPIED,0.65,2026-06-08T13:30:00.000Z
57,FREE,0.64,2026-06-10T10:31:00.000Z
57,OCCUPIED,0.95,2026-06-12T14:28:00.000Z
57,FREE,1.07,2026-06-13T07:41:00.000Z
57,OCCUPIED,0.59,2026-06-15T11:24:00.000Z
57,FREE,1.19,2026-06-17T15:45:00.000Z
57,FREE,1.04,2026-06-17T08:09:00.000Z
57,OCCUPIED,0.79,2026-06-18T11:29:00.000Z
57,OCCUPIED,1.09,2026-06-19T12:45:00.000Z
57,OCCUPIED,1.28,2026-06-19T15:25:00.000Z
57,FREE,1.18,2026-06-20T20:23:00.000Z
57,FREE,0.57,2026-06-20T21:33:00.000Z
57,OCCUPIED,0.51,2026-06-23T11:21:00.000Z
57,OCCUPIED,1.23,2026-06-23T09:36:00.000Z
57,OCCUPIED,0.66,2026-06-24T18:10:00.000Z
57,OCCUPIED,1.01,2026-06-25T22:53:00.000Z
57,OCCUPIED,1.11,2026-06-25T09:48:00.000Z
57,OCCUPIED,0.65,2026-06-26T11:17:00.000Z
57,FREE,1.08,2026-07-01T15:27:00.000Z
57,OCCUPIED,0.65,2026-07-01T11:47:00.000Z
57,OCCUPIED,1.35,2026-07-02T12:00:00.000Z
57,OCCUPIED,1.02,2026-07-04T12:34:00.000Z
57,OCCUPIED,1.01,2026-07-06T13:23:00.000Z
57,OCCUPIED,1.36,2026-07-07T09:01:00.000Z
57,OCCUPIED,1.02,2026-07-07T13:31:00.000Z
57,OCCUPIED,0.60,2026-07-08T12:03:00.000Z
57,OCCUPIED,0.61,2026-07-09T17:32:00.000Z
57,OCCUPIED,1.20,2026-07-09T17:12:00.000Z
57,FREE,0.74,2026-07-10T12:17:00.000Z
57,FREE,1.02,2026-07-11T08:20:00.000Z
57,FREE,1.11,2026-07-12T13:12:00.000Z
57,FREE,0.74,2026-07-13T12:14:00.000Z
57,OCCUPIED,1.01,2026-07-13T18:28:00.000Z
57,FREE,1.40,2026-07-14T16:19:00.000Z
57,OCCUPIED,1.36,2026-07-15T12:33:00.000Z
57,FREE,0.81,2026-07-19T12:40:00.000Z
57,FREE,0.96,2026-07-20T13:42:00.000Z
57,OCCUPIED,0.74,2026-07-20T18:31:00.000Z
57,FREE,1.00,2026-07-21T07:02:00.000Z
57,OCCUPIED,1.13,2026-07-23T09:58:00.000Z
57,OCCUPIED,1.44,2026-07-23T16:15:00.000Z
57,FREE,1.37,2026-07-24T20:08:00.000Z
57,FREE,1.03,2026-07-25T22:56:00.000Z
57,FREE,1.20,2026-07-26T12:42:00.000Z
58,FREE,1.25,2026-06-01T10:59:00.000Z
58,FREE,0.57,2026-06-02T08:34:00.000Z
58,FREE,0.50,2026-06-03T13:59:00.000Z
58,FREE,1.02,2026-06-06T11:03:00.000Z
58,OCCUPIED,1.03,2026-06-07T11:38:00.000Z
58,OCCUPIED,0.88,2026-06-07T12:00:00.000Z
58,FREE,0.65,2026-06-08T07:54:00.000Z
58,FREE,0.54,2026-06-09T13:31:00.000Z
58,FREE,1.22,2026-06-10T07:54:00.000Z
58,OCCUPIED,0.83,2026-06-11T09:43:00.000Z
58,FREE,0.69,2026-06-12T12:45:00.000Z
58,FREE,0.99,2026-06-13T17:12:00.000Z
58,OCCUPIED,1.19,2026-06-15T10:10:00.000Z
58,OCCUPIED,1.38,2026-06-15T11:54:00.000Z
58,FREE,1.10,2026-06-17T20:11:00.000Z
58,FREE,0.59,2026-06-18T15:37:00.000Z
58,OCCUPIED,1.04,2026-06-19T17:42:00.000Z
58,FREE,1.32,2026-06-19T21:16:00.000Z
58,FREE,1.16,2026-06-21T18:36:00.000Z
58,FREE,1.40,2026-06-24T12:29:00.000Z
58,FREE,1.28,2026-06-25T18:38:00.000Z
58,FREE,1.31,2026-06-26T15:04:00.000Z
58,OCCUPIED,0.84,2026-06-26T15:55:00.000Z
58,OCCUPIED,0.55,2026-06-27T11:43:00.000Z
58,FREE,1.47,2026-06-29T09:44:00.000Z
58,OCCUPIED,0.77,2026-07-01T17:11:00.000Z
58,FREE,0.56,2026-07-03T13:36:00.000Z
58,FREE,0.73,2026-07-04T22:41:00.000Z
58,FREE,1.00,2026-07-05T08:45:00.000Z
58,OCCUPIED,1.38,2026-07-06T18:10:00.000Z
58,FREE,1.29,2026-07-08T08:14:00.000Z
58,OCCUPIED,0.72,2026-07-09T19:44:00.000Z
58,OCCUPIED,1.36,2026-07-11T10:54:00.000Z
58,OCCUPIED,0.80,2026-07-12T09:20:00.000Z
58,FREE,0.66,2026-07-13T14:55:00.000Z
58,FREE,1.40,2026-07-14T12:37:00.000Z
58,FREE,1.28,2026-07-15T07:49:00.000Z
58,OCCUPIED,1.42,2026-07-16T19:54:00.000Z
58,OCCUPIED,0.76,2026-07-18T17:38:00.000Z
58,FREE,0.86,2026-07-21T12:09:00.000Z
58,FREE,1.05,2026-07-21T18:37:00.000Z
58,OCCUPIED,0.60,2026-07-23T13:52:00.000Z
58,FREE,0.74,2026-07-24T21:12:00.000Z
58,FREE,1.48,2026-07-25T18:30:00.000Z
58,OCCUPIED,0.52,2026-07-26T20:33:00.000Z
59,OCCUPIED,1.40,2026-06-01T16:42:00.000Z
59,OCCUPIED,0.56,2026-06-02T17:58:00.000Z
59,FREE,0.70,2026-06-04T22:29:00.000Z
59,OCCUPIED,0.77,2026-06-04T12:00:00.000Z
59,OCCUPIED,1.36,2026-06-05T19:47:00.000Z
59,OCCUPIED,0.75,2026-06-06T13:14:00.000Z
59,FREE,1.34,2026-06-07T08:45:00.000Z
59,OCCUPIED,1.42,2026-06-08T19:16:00.000Z
59,OCCUPIED,0.64,2026-06-08T17:17:00.000Z
59,OCCUPIED,0.78,2026-06-09T18:40:00.000Z
59,OCCUPIED,0.89,2026-06-11T19:25:00.000Z
59,OCCUPIED,1.47,2026-06-12T18:38:00.000Z
59,FREE,1.00,2026-06-13T07:30:00.000Z
59,OCCUPIED,0.84,2026-06-14T12:47:00.000Z
59,OCCUPIED,1.02,2026-06-14T11:08:00.000Z
59,FREE,1.18,2026-06-15T22:14:00.000Z
59,FREE,1.01,2026-06-17T19:19:00.000Z
59,OCCUPIED,1.12,2026-06-17T11:46:00.000Z
59,OCCUPIED,0.69,2026-06-18T19:10:00.000Z
59,FREE,1.49,2026-06-19T09:05:00.000Z
59,FREE,0.78,2026-06-21T08:40:00.000Z
59,OCCUPIED,0.53,2026-06-28T07:46:00.000Z
59,FREE,0.87,2026-06-29T20:23:00.000Z
59,OCCUPIED,1.05,2026-07-01T19:57:00.000Z
59,OCCUPIED,0.90,2026-07-01T19:42:00.000Z
59,FREE,1.29,2026-07-02T08:02:00.000Z
59,FREE,0.79,2026-07-02T14:57:00.000Z
59,FREE,1.45,2026-07-03T22:21:00.000Z
59,OCCUPIED,1.03,2026-07-03T11:36:00.000Z
59,OCCUPIED,1.10,2026-07-04T10:33:00.000Z
59,OCCUPIED,0.70,2026-07-06T14:14:00.000Z
59,OCCUPIED,1.29,2026-07-09T12:24:00.000Z
59,OCCUPIED,0.76,2026-07-10T11:50:00.000Z
59,OCCUPIED,0.92,2026-07-14T12:23:00.000Z
59,OCCUPIED,0.84,2026-07-16T19:13:00.000Z
59,OCCUPIED,0.69,2026-07-17T19:18:00.000Z
59,OCCUPIED,1.01,2026-07-18T11:22:00.000Z
59,FREE,0.74,2026-07-19T12:26:00.000Z
59,OCCUPIED,1.27,2026-07-20T13:59:00.000Z
59,FREE,0.79,2026-07-21T13:14:00.000Z
59,OCCUPIED,0.87,2026-07-22T19:36:00.000Z
59,OCCUPIED,0.90,2026-07-23T12:40:00.000Z
59,FREE,0.63,2026-07-24T10:44:00.000Z
59,OCCUPIED,0.51,2026-07-25T11:17:00.000Z
59,OCCUPIED,0.77,2026-07-26T11:55:00.000Z
60,OCCUPIED,0.81,2026-06-01T10:34:00.000Z
60,FREE,0.91,2026-06-02T13:44:00.000Z
60,FREE,1.37,2026-06-02T14:55:00.000Z
60,FREE,0.53,2026-06-03T22:32:00.000Z
60,OCCUPIED,1.04,2026-06-04T10:30:00.000Z
60,OCCUPIED,1.21,2026-06-06T09:38:00.000Z
60,FREE,0.52,2026-06-07T07:41:00.000Z
60,OCCUPIED,1.39,2026-06-09T10:57:00.000Z
60,OCCUPIED,0.54,2026-06-11T19:52:00.000Z
60,OCCUPIED,1.09,2026-06-12T09:55:00.000Z
60,OCCUPIED,1.26,2026-06-12T07:25:00.000Z
60,FREE,0.79,2026-06-13T10:16:00.000Z
60,OCCUPIED,0.76,2026-06-14T18:27:00.000Z
60,OCCUPIED,0.76,2026-06-14T13:18:00.000Z
60,OCCUPIED,0.60,2026-06-16T19:03:00.000Z
60,OCCUPIED,0.60,2026-06-17T22:49:00.000Z
60,OCCUPIED,1.34,2026-06-18T11:23:00.000Z
60,OCCUPIED,0.87,2026-06-19T09:08:00.000Z
60,OCCUPIED,0.63,2026-06-20T08:52:00.000Z
60,OCCUPIED,0.70,2026-06-21T07:18:00.000Z
60,OCCUPIED,0.98,2026-06-21T22:49:00.000Z
60,FREE,0.52,2026-06-22T11:44:00.000Z
60,OCCUPIED,0.51,2026-06-23T09:44:00.000Z
60,FREE,1.30,2026-06-24T14:36:00.000Z
60,OCCUPIED,0.70,2026-06-25T11:27:00.000Z
60,FREE,1.39,2026-06-26T07:14:00.000Z
60,FREE,0.78,2026-06-27T17:01:00.000Z
60,FREE,0.87,2026-07-01T21:17:00.000Z
60,OCCUPIED,1.43,2026-07-01T17:58:00.000Z
60,OCCUPIED,0.63,2026-07-02T11:02:00.000Z
60,OCCUPIED,0.89,2026-07-03T12:33:00.000Z
60,OCCUPIED,1.33,2026-07-04T19:09:00.000Z
60,OCCUPIED,1.20,2026-07-05T12:52:00.000Z
60,FREE,1.44,2026-07-06T09:50:00.000Z
60,OCCUPIED,1.32,2026-07-08T11:56:00.000Z
60,FREE,1.35,2026-07-10T11:23:00.000Z
60,OCCUPIED,1.44,2026-07-11T11:33:00.000Z
60,FREE,1.28,2026-07-11T10:08:00.000Z
60,FREE,1.49,2026-07-14T12:15:00.000Z
60,OCCUPIED,1.34,2026-07-15T19:45:00.000Z
60,OCCUPIED,0.84,2026-07-16T11:55:00.000Z
60,OCCUPIED,0.69,2026-07-17T17:56:00.000Z
60,OCCUPIED,1.06,2026-07-17T17:48:00.000Z
60,FREE,1.49,2026-07-19T21:18:00.000Z
60,OCCUPIED,0.94,2026-07-20T13:45:00.000Z
60,OCCUPIED,0.63,2026-07-20T18:38:00.000Z
60,OCCUPIED,0.63,2026-07-22T13:47:00.000Z
61,FREE,1.28,2026-06-01T20:08:00.000Z
61,FREE,1.06,2026-06-02T10:57:00.000Z
61,OCCUPIED,1.36,2026-06-03T17:31:00.000Z
61,OCCUPIED,1.45,2026-06-04T13:53:00.000Z
61,FREE,1.48,2026-06-08T12:03:00.000Z
61,OCCUPIED,0.86,2026-06-10T18:10:00.000Z
61,OCCUPIED,1.10,2026-06-16T13:51:00.000Z
61,FREE,1.41,2026-06-17T22:05:00.000Z
61,FREE,1.11,2026-06-21T15:41:00.000Z
61,OCCUPIED,1.13,2026-06-23T10:33:00.000Z
61,OCCUPIED,1.26,2026-06-24T21:52:00.000Z
61,OCCUPIED,0.80,2026-06-24T19:36:00.000Z
61,FREE,1.00,2026-06-25T20:13:00.000Z
61,OCCUPIED,1.08,2026-06-26T16:30:00.000Z
61,OCCUPIED,1.11,2026-06-27T11:05:00.000Z
61,OCCUPIED,1.04,2026-07-02T18:02:00.000Z
61,OCCUPIED,1.44,2026-07-02T09:51:00.000Z
61,OCCUPIED,0.64,2026-07-03T09:44:00.000Z
61,FREE,0.54,2026-07-03T08:26:00.000Z
61,OCCUPIED,1.21,2026-07-05T20:26:00.000Z
61,OCCUPIED,1.00,2026-07-06T12:22:00.000Z
61,OCCUPIED,1.24,2026-07-08T10:07:00.000Z
61,FREE,1.16,2026-07-08T08:54:00.000Z
61,OCCUPIED,1.14,2026-07-09T12:48:00.000Z
61,OCCUPIED,1.25,2026-07-10T17:55:00.000Z
61,FREE,0.81,2026-07-13T21:34:00.000Z
61,OCCUPIED,0.73,2026-07-14T09:03:00.000Z
61,FREE,1.38,2026-07-16T17:39:00.000Z
61,OCCUPIED,1.39,2026-07-18T10:28:00.000Z
61,FREE,1.31,2026-07-18T18:30:00.000Z
61,FREE,1.10,2026-07-19T11:58:00.000Z
61,OCCUPIED,0.55,2026-07-20T12:55:00.000Z
61,FREE,1.10,2026-07-22T22:33:00.000Z
61,OCCUPIED,1.21,2026-07-24T13:05:00.000Z
62,OCCUPIED,0.64,2026-06-02T19:44:00.000Z
62,FREE,0.63,2026-06-03T14:27:00.000Z
62,OCCUPIED,1.08,2026-06-04T10:14:00.000Z
62,OCCUPIED,0.58,2026-06-06T22:54:00.000Z
62,FREE,0.72,2026-06-06T15:44:00.000Z
62,FREE,0.72,2026-06-07T17:32:00.000Z
62,FREE,1.11,2026-06-08T12:42:00.000Z
62,FREE,0.57,2026-06-09T07:01:00.000Z
62,OCCUPIED,1.10,2026-06-11T10:23:00.000Z
62,FREE,0.84,2026-06-13T14:53:00.000Z
62,FREE,0.82,2026-06-15T13:27:00.000Z
62,OCCUPIED,1.34,2026-06-16T18:18:00.000Z
62,OCCUPIED,1.14,2026-06-16T19:12:00.000Z
62,OCCUPIED,0.87,2026-06-17T17:44:00.000Z
62,OCCUPIED,0.56,2026-06-18T13:23:00.000Z
62,FREE,0.69,2026-06-18T07:09:00.000Z
62,FREE,0.72,2026-06-19T07:09:00.000Z
62,FREE,0.84,2026-06-20T12:04:00.000Z
62,FREE,1.27,2026-06-21T10:53:00.000Z
62,OCCUPIED,1.10,2026-06-22T18:52:00.000Z
62,OCCUPIED,0.67,2026-06-24T10:02:00.000Z
62,OCCUPIED,1.04,2026-06-25T13:21:00.000Z
62,OCCUPIED,1.33,2026-06-26T12:16:00.000Z
62,FREE,0.84,2026-06-27T09:00:00.000Z
62,FREE,1.12,2026-06-28T15:06:00.000Z
62,OCCUPIED,0.80,2026-06-29T09:41:00.000Z
62,OCCUPIED,1.06,2026-07-01T09:59:00.000Z
62,FREE,0.90,2026-07-01T10:25:00.000Z
62,FREE,0.69,2026-07-02T20:17:00.000Z
62,FREE,0.75,2026-07-02T10:50:00.000Z
62,FREE,0.87,2026-07-03T19:34:00.000Z
62,FREE,1.25,2026-07-04T14:08:00.000Z
62,FREE,0.67,2026-07-05T10:53:00.000Z
62,OCCUPIED,1.13,2026-07-07T18:40:00.000Z
62,OCCUPIED,1.23,2026-07-08T13:42:00.000Z
62,OCCUPIED,0.88,2026-07-10T12:59:00.000Z
62,OCCUPIED,0.65,2026-07-12T12:24:00.000Z
62,FREE,1.42,2026-07-14T19:02:00.000Z
62,FREE,0.63,2026-07-16T17:09:00.000Z
62,FREE,0.59,2026-07-16T09:43:00.000Z
62,FREE,0.97,2026-07-18T18:00:00.000Z
62,FREE,1.11,2026-07-20T11:23:00.000Z
62,FREE,1.13,2026-07-21T20:57:00.000Z
62,FREE,0.89,2026-07-24T13:37:00.000Z
62,FREE,0.59,2026-07-24T16:36:00.000Z
62,FREE,0.51,2026-07-25T07:43:00.000Z
62,OCCUPIED,1.13,2026-07-26T09:23:00.000Z
63,FREE,0.72,2026-06-02T19:29:00.000Z
63,OCCUPIED,1.38,2026-06-04T12:46:00.000Z
63,OCCUPIED,0.58,2026-06-05T12:30:00.000Z
63,FREE,0.54,2026-06-07T14:34:00.000Z
63,OCCUPIED,1.24,2026-06-09T19:27:00.000Z
63,FREE,0.59,2026-06-10T10:43:00.000Z
63,OCCUPIED,1.35,2026-06-11T13:13:00.000Z
63,FREE,1.26,2026-06-12T16:59:00.000Z
63,OCCUPIED,0.87,2026-06-14T12:26:00.000Z
63,FREE,0.51,2026-06-16T12:52:00.000Z
63,OCCUPIED,1.04,2026-06-18T14:09:00.000Z
63,FREE,0.97,2026-06-22T07:27:00.000Z
63,OCCUPIED,0.95,2026-06-22T10:44:00.000Z
63,FREE,1.30,2026-06-23T19:44:00.000Z
63,OCCUPIED,0.84,2026-06-24T07:56:00.000Z
63,OCCUPIED,1.43,2026-06-24T13:57:00.000Z
63,OCCUPIED,1.01,2026-06-26T13:47:00.000Z
63,OCCUPIED,1.48,2026-06-27T08:25:00.000Z
63,FREE,1.40,2026-06-27T13:02:00.000Z
63,FREE,1.04,2026-06-28T15:16:00.000Z
63,OCCUPIED,0.62,2026-06-29T13:45:00.000Z
63,OCCUPIED,1.10,2026-07-01T18:03:00.000Z
63,FREE,1.19,2026-07-03T17:17:00.000Z
63,FREE,1.47,2026-07-05T09:34:00.000Z
63,FREE,1.01,2026-07-05T09:38:00.000Z
63,FREE,1.42,2026-07-06T11:33:00.000Z
63,FREE,1.00,2026-07-07T07:54:00.000Z
63,OCCUPIED,1.37,2026-07-07T13:39:00.000Z
63,OCCUPIED,1.12,2026-07-08T17:46:00.000Z
63,OCCUPIED,1.15,2026-07-08T21:40:00.000Z
63,OCCUPIED,1.43,2026-07-10T09:22:00.000Z
63,OCCUPIED,0.75,2026-07-10T11:01:00.000Z
63,FREE,0.58,2026-07-11T11:41:00.000Z
63,OCCUPIED,1.40,2026-07-11T19:16:00.000Z
63,FREE,0.51,2026-07-12T14:22:00.000Z
63,FREE,1.36,2026-07-12T13:20:00.000Z
63,FREE,1.02,2026-07-13T11:41:00.000Z
63,OCCUPIED,1.32,2026-07-13T21:16:00.000Z
63,FREE,0.59,2026-07-14T18:56:00.000Z
63,FREE,0.87,2026-07-15T09:13:00.000Z
63,OCCUPIED,0.91,2026-07-16T11:13:00.000Z
63,OCCUPIED,0.89,2026-07-16T18:02:00.000Z
63,FREE,1.50,2026-07-18T09:50:00.000Z
63,FREE,0.58,2026-07-19T22:29:00.000Z
63,OCCUPIED,0.83,2026-07-20T15:15:00.000Z
63,OCCUPIED,0.59,2026-07-21T15:06:00.000Z
63,OCCUPIED,1.31,2026-07-21T09:05:00.000Z
63,OCCUPIED,0.57,2026-07-22T13:32:00.000Z
63,FREE,0.55,2026-07-25T15:47:00.000Z
63,FREE,0.73,2026-07-26T18:18:00.000Z
64,OCCUPIED,0.71,2026-06-01T10:47:00.000Z
64,FREE,1.39,2026-06-02T13:10:00.000Z
64,FREE,1.34,2026-06-04T12:44:00.000Z
64,FREE,1.16,2026-06-05T15:34:00.000Z
64,FREE,1.26,2026-06-07T13:43:00.000Z
64,OCCUPIED,0.58,2026-06-09T11:24:00.000Z
64,FREE,1.29,2026-06-11T09:54:00.000Z
64,OCCUPIED,0.51,2026-06-12T09:16:00.000Z
64,OCCUPIED,1.22,2026-06-14T18:17:00.000Z
64,OCCUPIED,0.58,2026-06-16T14:56:00.000Z
64,FREE,0.63,2026-06-18T10:07:00.000Z
64,FREE,1.18,2026-06-21T10:21:00.000Z
64,OCCUPIED,1.24,2026-06-22T19:27:00.000Z
64,OCCUPIED,1.04,2026-06-23T13:25:00.000Z
64,OCCUPIED,1.16,2026-06-24T13:19:00.000Z
64,OCCUPIED,1.40,2026-06-25T09:41:00.000Z
64,FREE,1.22,2026-06-26T10:59:00.000Z
64,FREE,0.56,2026-06-30T18:09:00.000Z
64,OCCUPIED,1.37,2026-07-01T16:39:00.000Z
64,FREE,1.08,2026-07-03T14:58:00.000Z
64,OCCUPIED,0.87,2026-07-03T21:30:00.000Z
64,FREE,1.34,2026-07-04T12:59:00.000Z
64,FREE,1.26,2026-07-05T22:43:00.000Z
64,FREE,0.70,2026-07-07T20:17:00.000Z
64,OCCUPIED,0.90,2026-07-08T18:46:00.000Z
64,FREE,1.02,2026-07-09T21:46:00.000Z
64,OCCUPIED,1.48,2026-07-10T14:52:00.000Z
64,FREE,0.87,2026-07-11T22:09:00.000Z
64,FREE,1.06,2026-07-12T18:04:00.000Z
64,FREE,1.16,2026-07-12T11:18:00.000Z
64,FREE,1.15,2026-07-13T13:37:00.000Z
64,FREE,0.76,2026-07-14T20:27:00.000Z
64,FREE,1.26,2026-07-15T17:27:00.000Z
64,OCCUPIED,0.59,2026-07-15T11:08:00.000Z
64,OCCUPIED,0.68,2026-07-16T18:14:00.000Z
64,OCCUPIED,1.33,2026-07-18T10:36:00.000Z
64,FREE,0.67,2026-07-19T17:26:00.000Z
64,OCCUPIED,1.18,2026-07-20T15:48:00.000Z
64,OCCUPIED,1.04,2026-07-22T18:19:00.000Z
64,FREE,1.23,2026-07-22T22:51:00.000Z
64,FREE,1.26,2026-07-23T10:37:00.000Z
64,FREE,1.02,2026-07-25T19:01:00.000Z
65,OCCUPIED,0.73,2026-06-01T11:55:00.000Z
65,OCCUPIED,1.32,2026-06-04T11:41:00.000Z
65,FREE,0.66,2026-06-06T07:23:00.000Z
65,OCCUPIED,1.23,2026-06-07T13:27:00.000Z
65,FREE,1.08,2026-06-07T09:10:00.000Z
65,OCCUPIED,0.84,2026-06-08T19:00:00.000Z
65,OCCUPIED,1.28,2026-06-08T09:54:00.000Z
65,OCCUPIED,1.13,2026-06-11T22:53:00.000Z
65,OCCUPIED,0.83,2026-06-12T09:05:00.000Z
65,OCCUPIED,0.89,2026-06-13T19:02:00.000Z
65,FREE,0.83,2026-06-14T10:48:00.000Z
65,FREE,1.43,2026-06-14T09:04:00.000Z
65,OCCUPIED,1.30,2026-06-16T08:19:00.000Z
65,OCCUPIED,1.13,2026-06-16T18:33:00.000Z
65,OCCUPIED,1.27,2026-06-18T09:37:00.000Z
65,FREE,0.93,2026-06-20T13:38:00.000Z
65,OCCUPIED,0.59,2026-06-20T13:40:00.000Z
65,FREE,0.72,2026-06-22T08:32:00.000Z
65,FREE,1.09,2026-06-23T10:46:00.000Z
65,OCCUPIED,0.99,2026-06-24T10:07:00.000Z
65,OCCUPIED,0.57,2026-06-26T13:23:00.000Z
65,OCCUPIED,1.44,2026-06-27T09:18:00.000Z
65,FREE,1.44,2026-06-28T17:57:00.000Z
65,OCCUPIED,0.98,2026-06-29T17:41:00.000Z
65,FREE,0.73,2026-06-30T15:35:00.000Z
65,OCCUPIED,0.66,2026-06-30T13:12:00.000Z
65,FREE,1.17,2026-07-01T09:49:00.000Z
65,OCCUPIED,0.95,2026-07-02T07:19:00.000Z
65,OCCUPIED,1.29,2026-07-03T11:23:00.000Z
65,FREE,1.29,2026-07-04T11:10:00.000Z
65,OCCUPIED,1.09,2026-07-04T10:07:00.000Z
65,OCCUPIED,0.61,2026-07-06T20:19:00.000Z
65,OCCUPIED,1.29,2026-07-07T17:24:00.000Z
65,OCCUPIED,0.88,2026-07-12T07:36:00.000Z
65,FREE,0.82,2026-07-13T14:31:00.000Z
65,FREE,1.33,2026-07-14T09:50:00.000Z
65,OCCUPIED,1.49,2026-07-15T19:50:00.000Z
65,OCCUPIED,0.97,2026-07-15T09:47:00.000Z
65,OCCUPIED,0.86,2026-07-16T19:47:00.000Z
65,OCCUPIED,1.45,2026-07-19T11:31:00.000Z
65,FREE,1.12,2026-07-20T18:18:00.000Z
65,OCCUPIED,1.25,2026-07-23T18:36:00.000Z
65,FREE,1.46,2026-07-24T09:03:00.000Z
65,FREE,0.95,2026-07-26T16:23:00.000Z
66,FREE,1.13,2026-06-01T15:18:00.000Z
66,FREE,1.02,2026-06-01T10:36:00.000Z
66,OCCUPIED,0.73,2026-06-04T18:08:00.000Z
66,OCCUPIED,0.92,2026-06-05T12:47:00.000Z
66,OCCUPIED,0.86,2026-06-06T12:57:00.000Z
66,OCCUPIED,1.46,2026-06-06T09:23:00.000Z
66,FREE,0.75,2026-06-07T07:17:00.000Z
66,OCCUPIED,0.91,2026-06-08T10:19:00.000Z
66,OCCUPIED,1.18,2026-06-09T18:35:00.000Z
66,FREE,0.69,2026-06-12T16:16:00.000Z
66,OCCUPIED,0.96,2026-06-17T10:08:00.000Z
66,FREE,1.09,2026-06-18T13:29:00.000Z
66,OCCUPIED,0.69,2026-06-18T12:56:00.000Z
66,OCCUPIED,1.18,2026-06-19T10:09:00.000Z
66,OCCUPIED,0.98,2026-06-20T17:30:00.000Z
66,OCCUPIED,1.49,2026-06-23T18:27:00.000Z
66,OCCUPIED,1.46,2026-06-23T11:24:00.000Z
66,FREE,1.27,2026-06-24T07:43:00.000Z
66,FREE,0.91,2026-06-25T21:36:00.000Z
66,OCCUPIED,0.78,2026-06-26T21:33:00.000Z
66,OCCUPIED,0.73,2026-06-27T20:06:00.000Z
66,FREE,1.34,2026-06-27T12:28:00.000Z
66,FREE,0.81,2026-06-29T14:22:00.000Z
66,FREE,1.25,2026-07-01T16:20:00.000Z
66,OCCUPIED,1.25,2026-07-02T18:35:00.000Z
66,OCCUPIED,1.30,2026-07-03T18:20:00.000Z
66,FREE,1.22,2026-07-03T08:58:00.000Z
66,OCCUPIED,1.37,2026-07-04T15:31:00.000Z
66,OCCUPIED,1.23,2026-07-05T10:31:00.000Z
66,FREE,0.60,2026-07-06T14:28:00.000Z
66,OCCUPIED,0.90,2026-07-07T13:36:00.000Z
66,OCCUPIED,1.04,2026-07-08T18:39:00.000Z
66,OCCUPIED,1.26,2026-07-09T13:06:00.000Z
66,FREE,0.70,2026-07-10T18:34:00.000Z
66,OCCUPIED,1.29,2026-07-11T10:38:00.000Z
66,FREE,0.89,2026-07-16T08:23:00.000Z
66,FREE,0.61,2026-07-17T15:51:00.000Z
66,FREE,1.22,2026-07-19T12:08:00.000Z
66,FREE,1.50,2026-07-20T22:12:00.000Z
66,OCCUPIED,1.40,2026-07-21T19:32:00.000Z
66,FREE,0.54,2026-07-23T10:40:00.000Z
66,FREE,1.22,2026-07-25T21:30:00.000Z
67,OCCUPIED,0.63,2026-06-01T18:05:00.000Z
67,FREE,0.82,2026-06-02T07:39:00.000Z
67,OCCUPIED,0.78,2026-06-03T09:42:00.000Z
67,OCCUPIED,0.69,2026-06-03T20:02:00.000Z
67,OCCUPIED,0.77,2026-06-05T12:19:00.000Z
67,OCCUPIED,1.37,2026-06-06T10:16:00.000Z
67,OCCUPIED,0.70,2026-06-06T09:26:00.000Z
67,FREE,1.48,2026-06-10T20:09:00.000Z
67,OCCUPIED,0.84,2026-06-11T11:07:00.000Z
67,OCCUPIED,1.17,2026-06-13T10:10:00.000Z
67,FREE,1.18,2026-06-14T17:16:00.000Z
67,OCCUPIED,1.39,2026-06-14T13:55:00.000Z
67,OCCUPIED,1.06,2026-06-15T10:21:00.000Z
67,FREE,0.99,2026-06-16T09:33:00.000Z
67,OCCUPIED,1.00,2026-06-17T09:03:00.000Z
67,OCCUPIED,0.95,2026-06-19T13:35:00.000Z
67,FREE,1.48,2026-06-21T17:33:00.000Z
67,FREE,1.27,2026-06-23T20:28:00.000Z
67,FREE,1.36,2026-06-24T14:57:00.000Z
67,FREE,1.47,2026-06-25T15:04:00.000Z
67,FREE,1.06,2026-06-25T11:08:00.000Z
67,OCCUPIED,0.72,2026-06-26T10:12:00.000Z
67,OCCUPIED,0.92,2026-06-26T19:28:00.000Z
67,OCCUPIED,1.16,2026-06-27T10:39:00.000Z
67,OCCUPIED,0.76,2026-06-28T10:48:00.000Z
67,FREE,1.13,2026-06-30T13:49:00.000Z
67,OCCUPIED,1.19,2026-07-02T13:08:00.000Z
67,OCCUPIED,0.58,2026-07-04T10:58:00.000Z
67,OCCUPIED,0.70,2026-07-06T12:09:00.000Z
67,OCCUPIED,1.18,2026-07-09T11:07:00.000Z
67,FREE,0.54,2026-07-09T18:32:00.000Z
67,FREE,0.94,2026-07-12T10:16:00.000Z
67,OCCUPIED,0.87,2026-07-14T17:47:00.000Z
67,OCCUPIED,1.24,2026-07-16T12:04:00.000Z
67,OCCUPIED,0.80,2026-07-17T19:26:00.000Z
67,FREE,0.86,2026-07-21T11:34:00.000Z
67,OCCUPIED,0.80,2026-07-22T16:00:00.000Z
67,FREE,0.73,2026-07-23T07:09:00.000Z
67,FREE,1.36,2026-07-25T08:13:00.000Z
67,OCCUPIED,1.00,2026-07-26T20:38:00.000Z
68,OCCUPIED,0.61,2026-06-02T19:58:00.000Z
68,FREE,1.31,2026-06-03T08:26:00.000Z
68,FREE,0.60,2026-06-03T21:11:00.000Z
68,FREE,0.53,2026-06-04T15:48:00.000Z
68,OCCUPIED,0.54,2026-06-05T13:16:00.000Z
68,FREE,0.99,2026-06-07T21:35:00.000Z
68,OCCUPIED,1.26,2026-06-09T12:02:00.000Z
68,OCCUPIED,1.35,2026-06-10T13:51:00.000Z
68,OCCUPIED,0.70,2026-06-11T18:56:00.000Z
68,OCCUPIED,1.07,2026-06-12T18:17:00.000Z
68,OCCUPIED,0.54,2026-06-15T08:00:00.000Z
68,FREE,1.22,2026-06-17T16:41:00.000Z
68,OCCUPIED,0.71,2026-06-18T09:48:00.000Z
68,OCCUPIED,0.92,2026-06-19T16:36:00.000Z
68,FREE,0.71,2026-06-24T22:20:00.000Z
68,FREE,0.51,2026-06-25T16:46:00.000Z
68,OCCUPIED,1.37,2026-06-27T22:25:00.000Z
68,OCCUPIED,1.38,2026-06-29T18:46:00.000Z
68,OCCUPIED,1.09,2026-06-30T13:33:00.000Z
68,OCCUPIED,0.98,2026-06-30T11:52:00.000Z
68,OCCUPIED,1.33,2026-07-01T13:37:00.000Z
68,OCCUPIED,0.64,2026-07-03T11:11:00.000Z
68,OCCUPIED,1.06,2026-07-04T10:55:00.000Z
68,OCCUPIED,0.73,2026-07-05T13:18:00.000Z
68,OCCUPIED,0.74,2026-07-06T09:20:00.000Z
68,OCCUPIED,1.43,2026-07-06T17:43:00.000Z
68,FREE,0.63,2026-07-08T21:10:00.000Z
68,OCCUPIED,0.78,2026-07-14T12:11:00.000Z
68,FREE,0.99,2026-07-17T07:39:00.000Z
68,OCCUPIED,0.52,2026-07-18T11:46:00.000Z
68,FREE,0.88,2026-07-18T14:06:00.000Z
68,OCCUPIED,0.67,2026-07-19T14:21:00.000Z
68,OCCUPIED,0.73,2026-07-23T12:16:00.000Z
68,OCCUPIED,1.04,2026-07-26T14:17:00.000Z
69,OCCUPIED,0.70,2026-06-01T12:07:00.000Z
69,OCCUPIED,0.65,2026-06-01T13:50:00.000Z
69,OCCUPIED,1.33,2026-06-02T19:34:00.000Z
69,OCCUPIED,0.88,2026-06-05T18:01:00.000Z
69,OCCUPIED,0.59,2026-06-06T10:14:00.000Z
69,OCCUPIED,0.73,2026-06-07T19:40:00.000Z
69,OCCUPIED,0.70,2026-06-08T09:18:00.000Z
69,FREE,0.61,2026-06-09T12:35:00.000Z
69,FREE,1.45,2026-06-09T17:40:00.000Z
69,FREE,1.44,2026-06-11T10:13:00.000Z
69,OCCUPIED,0.89,2026-06-12T12:49:00.000Z
69,OCCUPIED,1.32,2026-06-13T22:36:00.000Z
69,FREE,1.43,2026-06-16T12:01:00.000Z
69,OCCUPIED,0.74,2026-06-17T21:57:00.000Z
69,OCCUPIED,0.70,2026-06-18T13:34:00.000Z
69,FREE,1.41,2026-06-20T20:37:00.000Z
69,FREE,0.74,2026-06-22T14:01:00.000Z
69,FREE,0.84,2026-06-22T22:44:00.000Z
69,FREE,1.17,2026-06-25T13:04:00.000Z
69,FREE,1.23,2026-06-26T22:51:00.000Z
69,FREE,1.16,2026-06-27T09:19:00.000Z
69,FREE,1.30,2026-06-27T18:50:00.000Z
69,OCCUPIED,1.24,2026-06-30T14:54:00.000Z
69,OCCUPIED,0.69,2026-06-30T19:31:00.000Z
69,FREE,0.82,2026-07-01T21:47:00.000Z
69,OCCUPIED,1.46,2026-07-02T10:52:00.000Z
69,OCCUPIED,1.16,2026-07-04T19:19:00.000Z
69,OCCUPIED,0.51,2026-07-04T12:35:00.000Z
69,OCCUPIED,0.78,2026-07-05T11:52:00.000Z
69,OCCUPIED,1.12,2026-07-05T17:04:00.000Z
69,OCCUPIED,0.71,2026-07-08T15:12:00.000Z
69,OCCUPIED,1.18,2026-07-08T14:28:00.000Z
69,OCCUPIED,0.76,2026-07-11T13:20:00.000Z
69,FREE,1.48,2026-07-12T11:04:00.000Z
69,OCCUPIED,0.86,2026-07-15T17:20:00.000Z
69,FREE,0.76,2026-07-16T09:52:00.000Z
69,OCCUPIED,0.57,2026-07-17T09:49:00.000Z
69,OCCUPIED,0.91,2026-07-18T16:30:00.000Z
69,OCCUPIED,1.47,2026-07-19T14:51:00.000Z
69,FREE,0.96,2026-07-19T12:02:00.000Z
69,OCCUPIED,0.75,2026-07-20T13:15:00.000Z
69,OCCUPIED,1.03,2026-07-21T19:53:00.000Z
69,FREE,1.45,2026-07-23T22:28:00.000Z
69,FREE,0.62,2026-07-25T19:50:00.000Z
70,FREE,1.07,2026-06-02T16:43:00.000Z
70,OCCUPIED,0.52,2026-06-03T13:06:00.000Z
70,OCCUPIED,0.79,2026-06-05T17:04:00.000Z
70,OCCUPIED,0.61,2026-06-06T09:05:00.000Z
70,FREE,1.10,2026-06-07T17:50:00.000Z
70,OCCUPIED,1.04,2026-06-08T13:07:00.000Z
70,OCCUPIED,0.74,2026-06-09T19:34:00.000Z
70,OCCUPIED,1.40,2026-06-10T12:14:00.000Z
70,OCCUPIED,0.91,2026-06-11T10:31:00.000Z
70,OCCUPIED,1.15,2026-06-13T14:54:00.000Z
70,OCCUPIED,1.34,2026-06-14T10:13:00.000Z
70,OCCUPIED,1.48,2026-06-15T19:39:00.000Z
70,OCCUPIED,0.75,2026-06-15T16:13:00.000Z
70,OCCUPIED,1.25,2026-06-16T09:48:00.000Z
70,OCCUPIED,0.69,2026-06-17T11:28:00.000Z
70,FREE,0.58,2026-06-19T11:04:00.000Z
70,FREE,1.50,2026-06-19T18:06:00.000Z
70,FREE,0.51,2026-06-20T10:24:00.000Z
70,OCCUPIED,0.83,2026-06-22T18:09:00.000Z
70,OCCUPIED,0.90,2026-06-23T17:57:00.000Z
70,FREE,0.53,2026-06-24T17:36:00.000Z
70,OCCUPIED,1.40,2026-06-25T18:52:00.000Z
70,FREE,1.36,2026-06-25T10:10:00.000Z
70,FREE,0.62,2026-06-26T12:13:00.000Z
70,OCCUPIED,1.50,2026-06-27T12:06:00.000Z
70,OCCUPIED,1.08,2026-06-28T10:50:00.000Z
70,OCCUPIED,1.03,2026-06-28T16:40:00.000Z
70,FREE,0.75,2026-06-29T07:30:00.000Z
70,FREE,0.67,2026-06-29T17:58:00.000Z
70,FREE,0.85,2026-06-30T17:33:00.000Z
70,OCCUPIED,1.43,2026-07-02T10:57:00.000Z
70,FREE,0.55,2026-07-02T14:49:00.000Z
70,OCCUPIED,0.93,2026-07-03T18:02:00.000Z
70,FREE,0.88,2026-07-04T14:19:00.000Z
70,FREE,1.22,2026-07-05T12:27:00.000Z
70,FREE,0.95,2026-07-07T20:58:00.000Z
70,FREE,1.45,2026-07-09T07:40:00.000Z
70,OCCUPIED,0.84,2026-07-10T09:17:00.000Z
70,OCCUPIED,0.77,2026-07-11T17:12:00.000Z
70,OCCUPIED,1.41,2026-07-13T11:04:00.000Z
70,OCCUPIED,1.00,2026-07-14T11:27:00.000Z
70,FREE,0.66,2026-07-15T20:13:00.000Z
70,FREE,1.30,2026-07-16T18:44:00.000Z
70,OCCUPIED,0.77,2026-07-17T19:59:00.000Z
70,FREE,0.80,2026-07-18T09:39:00.000Z
70,OCCUPIED,1.33,2026-07-20T10:48:00.000Z
70,OCCUPIED,1.32,2026-07-20T10:23:00.000Z
70,FREE,1.47,2026-07-22T12:42:00.000Z
70,OCCUPIED,1.14,2026-07-23T21:48:00.000Z
70,OCCUPIED,1.35,2026-07-24T15:32:00.000Z
70,OCCUPIED,1.15,2026-07-24T12:37:00.000Z
70,FREE,0.58,2026-07-25T08:33:00.000Z
71,OCCUPIED,1.50,2026-06-01T10:49:00.000Z
71,OCCUPIED,0.95,2026-06-01T18:43:00.000Z
71,FREE,0.80,2026-06-02T17:00:00.000Z
71,FREE,0.99,2026-06-03T21:15:00.000Z
71,FREE,0.52,2026-06-07T22:28:00.000Z
71,FREE,1.40,2026-06-08T10:35:00.000Z
71,FREE,0.84,2026-06-09T14:26:00.000Z
71,FREE,1.36,2026-06-10T12:51:00.000Z
71,FREE,1.24,2026-06-11T15:21:00.000Z
71,FREE,1.44,2026-06-12T21:36:00.000Z
71,FREE,1.11,2026-06-13T12:17:00.000Z
71,FREE,0.87,2026-06-14T14:37:00.000Z
71,OCCUPIED,1.34,2026-06-16T08:48:00.000Z
71,OCCUPIED,1.10,2026-06-19T10:14:00.000Z
71,FREE,1.33,2026-06-20T19:23:00.000Z
71,FREE,0.65,2026-06-21T17:33:00.000Z
71,FREE,0.84,2026-06-22T13:19:00.000Z
71,FREE,1.39,2026-06-23T16:33:00.000Z
71,FREE,0.66,2026-06-24T14:30:00.000Z
71,OCCUPIED,0.95,2026-06-24T18:08:00.000Z
71,OCCUPIED,0.91,2026-06-25T12:53:00.000Z
71,FREE,0.89,2026-06-27T15:18:00.000Z
71,FREE,1.04,2026-06-28T19:26:00.000Z
71,FREE,0.61,2026-06-28T12:04:00.000Z
71,OCCUPIED,0.85,2026-06-30T12:32:00.000Z
71,OCCUPIED,0.55,2026-07-03T19:33:00.000Z
71,FREE,1.47,2026-07-05T22:50:00.000Z
71,OCCUPIED,0.99,2026-07-06T18:13:00.000Z
71,FREE,1.31,2026-07-07T16:54:00.000Z
71,FREE,0.72,2026-07-07T14:32:00.000Z
71,OCCUPIED,0.85,2026-07-09T15:37:00.000Z
71,FREE,0.70,2026-07-09T14:08:00.000Z
71,OCCUPIED,0.70,2026-07-10T19:14:00.000Z
71,FREE,0.69,2026-07-11T13:06:00.000Z
71,FREE,0.87,2026-07-12T21:04:00.000Z
71,OCCUPIED,1.36,2026-07-13T15:00:00.000Z
71,OCCUPIED,1.04,2026-07-15T08:14:00.000Z
71,OCCUPIED,1.38,2026-07-17T12:20:00.000Z
71,OCCUPIED,1.00,2026-07-19T10:34:00.000Z
71,FREE,0.77,2026-07-21T08:01:00.000Z
71,OCCUPIED,1.23,2026-07-22T10:28:00.000Z
71,OCCUPIED,1.50,2026-07-23T18:29:00.000Z
71,OCCUPIED,1.02,2026-07-24T17:05:00.000Z
71,FREE,0.52,2026-07-25T16:37:00.000Z
71,OCCUPIED,0.76,2026-07-26T19:43:00.000Z
72,OCCUPIED,0.88,2026-06-01T09:42:00.000Z
72,OCCUPIED,1.28,2026-06-03T16:32:00.000Z
72,OCCUPIED,0.69,2026-06-06T12:51:00.000Z
72,FREE,1.42,2026-06-08T14:01:00.000Z
72,OCCUPIED,1.45,2026-06-09T10:00:00.000Z
72,OCCUPIED,1.02,2026-06-10T12:53:00.000Z
72,FREE,1.19,2026-06-11T11:14:00.000Z
72,OCCUPIED,1.32,2026-06-12T18:04:00.000Z
72,FREE,0.55,2026-06-12T14:47:00.000Z
72,FREE,1.33,2026-06-13T09:08:00.000Z
72,FREE,1.39,2026-06-14T16:45:00.000Z
72,OCCUPIED,0.77,2026-06-14T11:49:00.000Z
72,OCCUPIED,0.54,2026-06-15T18:00:00.000Z
72,OCCUPIED,1.25,2026-06-16T13:15:00.000Z
72,OCCUPIED,0.59,2026-06-18T13:08:00.000Z
72,OCCUPIED,0.61,2026-06-18T17:48:00.000Z
72,OCCUPIED,0.65,2026-06-19T18:49:00.000Z
72,OCCUPIED,0.74,2026-06-20T11:24:00.000Z
72,FREE,0.50,2026-06-21T17:16:00.000Z
72,OCCUPIED,0.54,2026-06-21T19:47:00.000Z
72,FREE,0.81,2026-06-22T14:19:00.000Z
72,OCCUPIED,1.16,2026-06-25T11:56:00.000Z
72,FREE,0.78,2026-06-26T09:08:00.000Z
72,FREE,1.40,2026-06-28T12:07:00.000Z
72,OCCUPIED,0.62,2026-06-30T18:06:00.000Z
72,FREE,0.89,2026-06-30T11:36:00.000Z
72,FREE,0.76,2026-07-01T18:41:00.000Z
72,OCCUPIED,0.98,2026-07-01T19:04:00.000Z
72,FREE,1.29,2026-07-03T08:57:00.000Z
72,FREE,0.65,2026-07-04T19:21:00.000Z
72,OCCUPIED,0.75,2026-07-06T13:19:00.000Z
72,FREE,1.03,2026-07-06T10:05:00.000Z
72,FREE,0.75,2026-07-07T12:03:00.000Z
72,FREE,0.97,2026-07-07T15:08:00.000Z
72,FREE,1.44,2026-07-09T14:51:00.000Z
72,FREE,0.66,2026-07-10T11:33:00.000Z
72,FREE,0.57,2026-07-11T11:02:00.000Z
72,FREE,0.74,2026-07-12T17:13:00.000Z
72,OCCUPIED,1.12,2026-07-12T19:26:00.000Z
72,OCCUPIED,0.51,2026-07-13T10:54:00.000Z
72,FREE,1.38,2026-07-14T13:05:00.000Z
72,OCCUPIED,1.02,2026-07-15T12:07:00.000Z
72,OCCUPIED,1.43,2026-07-16T19:02:00.000Z
72,FREE,0.58,2026-07-17T19:51:00.000Z
72,FREE,0.91,2026-07-19T13:17:00.000Z
72,FREE,0.93,2026-07-19T21:32:00.000Z
72,FREE,0.62,2026-07-20T10:19:00.000Z
72,FREE,0.96,2026-07-21T12:54:00.000Z
72,FREE,0.92,2026-07-22T22:31:00.000Z
72,OCCUPIED,1.07,2026-07-24T09:33:00.000Z
72,OCCUPIED,1.24,2026-07-24T09:40:00.000Z
72,OCCUPIED,1.17,2026-07-25T19:34:00.000Z
73,OCCUPIED,0.56,2026-06-02T12:36:00.000Z
73,OCCUPIED,0.84,2026-06-02T09:45:00.000Z
73,FREE,1.47,2026-06-03T13:53:00.000Z
73,OCCUPIED,0.80,2026-06-04T09:10:00.000Z
73,FREE,1.07,2026-06-05T12:34:00.000Z
73,FREE,0.77,2026-06-06T11:23:00.000Z
73,OCCUPIED,1.47,2026-06-06T10:12:00.000Z
73,FREE,1.35,2026-06-07T18:25:00.000Z
73,OCCUPIED,1.01,2026-06-09T17:34:00.000Z
73,FREE,0.56,2026-06-10T16:17:00.000Z
73,OCCUPIED,1.07,2026-06-13T10:41:00.000Z
73,FREE,0.97,2026-06-17T09:28:00.000Z
73,OCCUPIED,1.43,2026-06-18T13:10:00.000Z
73,FREE,1.31,2026-06-19T11:49:00.000Z
73,FREE,1.27,2026-06-21T13:48:00.000Z
73,OCCUPIED,0.66,2026-06-21T14:21:00.000Z
73,OCCUPIED,0.81,2026-06-22T17:42:00.000Z
73,FREE,0.79,2026-06-23T20:37:00.000Z
73,OCCUPIED,0.61,2026-06-24T12:36:00.000Z
73,OCCUPIED,0.88,2026-06-24T16:41:00.000Z
73,FREE,1.02,2026-06-28T19:38:00.000Z
73,FREE,1.26,2026-06-29T15:35:00.000Z
73,FREE,1.30,2026-07-01T11:34:00.000Z
73,OCCUPIED,0.65,2026-07-01T15:09:00.000Z
73,FREE,1.11,2026-07-02T15:01:00.000Z
73,FREE,0.71,2026-07-02T19:14:00.000Z
73,OCCUPIED,1.49,2026-07-03T19:56:00.000Z
73,OCCUPIED,0.51,2026-07-03T19:05:00.000Z
73,OCCUPIED,0.56,2026-07-04T09:19:00.000Z
73,OCCUPIED,0.80,2026-07-05T16:21:00.000Z
73,OCCUPIED,1.00,2026-07-06T12:51:00.000Z
73,FREE,1.37,2026-07-07T13:19:00.000Z
73,FREE,1.12,2026-07-08T08:31:00.000Z
73,OCCUPIED,0.61,2026-07-09T11:25:00.000Z
73,FREE,0.83,2026-07-10T13:51:00.000Z
73,OCCUPIED,1.46,2026-07-11T19:23:00.000Z
73,FREE,0.69,2026-07-12T19:23:00.000Z
73,OCCUPIED,0.95,2026-07-13T18:25:00.000Z
73,OCCUPIED,1.07,2026-07-16T10:02:00.000Z
73,OCCUPIED,1.17,2026-07-19T09:04:00.000Z
73,FREE,1.19,2026-07-21T10:18:00.000Z
73,FREE,1.08,2026-07-21T08:34:00.000Z
73,OCCUPIED,0.63,2026-07-23T17:53:00.000Z
73,FREE,0.59,2026-07-24T12:43:00.000Z
73,FREE,1.01,2026-07-25T19:47:00.000Z
73,FREE,0.98,2026-07-26T12:49:00.000Z
74,OCCUPIED,0.76,2026-06-01T13:54:00.000Z
74,FREE,1.33,2026-06-02T15:18:00.000Z
74,OCCUPIED,1.34,2026-06-03T11:51:00.000Z
74,OCCUPIED,1.39,2026-06-04T18:11:00.000Z
74,OCCUPIED,1.33,2026-06-05T22:14:00.000Z
74,OCCUPIED,1.35,2026-06-05T19:30:00.000Z
74,OCCUPIED,0.87,2026-06-08T15:12:00.000Z
74,OCCUPIED,0.66,2026-06-08T16:29:00.000Z
74,OCCUPIED,0.72,2026-06-09T13:09:00.000Z
74,OCCUPIED,0.74,2026-06-10T09:23:00.000Z
74,OCCUPIED,1.46,2026-06-11T17:49:00.000Z
74,FREE,1.12,2026-06-12T08:48:00.000Z
74,OCCUPIED,1.39,2026-06-13T12:09:00.000Z
74,OCCUPIED,1.29,2026-06-14T12:47:00.000Z
74,FREE,1.00,2026-06-15T17:55:00.000Z
74,FREE,1.00,2026-06-17T16:53:00.000Z
74,FREE,1.49,2026-06-18T14:42:00.000Z
74,FREE,1.17,2026-06-19T19:52:00.000Z
74,FREE,0.96,2026-06-20T09:20:00.000Z
74,OCCUPIED,1.19,2026-06-21T09:03:00.000Z
74,OCCUPIED,0.61,2026-06-22T11:43:00.000Z
74,OCCUPIED,0.67,2026-06-23T17:53:00.000Z
74,OCCUPIED,0.84,2026-06-24T09:11:00.000Z
74,FREE,1.12,2026-06-26T10:08:00.000Z
74,FREE,0.99,2026-06-26T22:33:00.000Z
74,OCCUPIED,0.86,2026-06-27T09:45:00.000Z
74,OCCUPIED,1.31,2026-06-28T13:16:00.000Z
74,OCCUPIED,0.71,2026-06-29T08:31:00.000Z
74,OCCUPIED,1.43,2026-06-30T19:13:00.000Z
74,OCCUPIED,0.80,2026-07-01T13:34:00.000Z
74,OCCUPIED,0.81,2026-07-02T10:54:00.000Z
74,FREE,0.77,2026-07-03T21:03:00.000Z
74,FREE,1.12,2026-07-04T19:03:00.000Z
74,FREE,1.01,2026-07-05T18:02:00.000Z
74,OCCUPIED,0.69,2026-07-07T11:46:00.000Z
74,OCCUPIED,1.17,2026-07-08T09:50:00.000Z
74,OCCUPIED,1.35,2026-07-10T09:42:00.000Z
74,OCCUPIED,1.08,2026-07-11T18:28:00.000Z
74,OCCUPIED,1.07,2026-07-11T15:22:00.000Z
74,OCCUPIED,0.50,2026-07-12T15:28:00.000Z
74,OCCUPIED,0.75,2026-07-13T11:50:00.000Z
74,OCCUPIED,1.42,2026-07-14T09:34:00.000Z
74,FREE,1.31,2026-07-19T12:47:00.000Z
74,OCCUPIED,0.69,2026-07-20T11:00:00.000Z
74,OCCUPIED,0.91,2026-07-20T13:46:00.000Z
74,FREE,0.64,2026-07-21T17:20:00.000Z
74,FREE,0.72,2026-07-23T17:43:00.000Z
74,FREE,1.12,2026-07-24T18:28:00.000Z
74,FREE,0.73,2026-07-24T08:54:00.000Z
74,OCCUPIED,0.88,2026-07-25T13:59:00.000Z
74,OCCUPIED,0.69,2026-07-25T19:17:00.000Z
75,OCCUPIED,0.68,2026-06-01T12:08:00.000Z
75,OCCUPIED,0.78,2026-06-02T18:42:00.000Z
75,OCCUPIED,0.84,2026-06-03T10:43:00.000Z
75,OCCUPIED,1.13,2026-06-03T10:23:00.000Z
75,OCCUPIED,1.28,2026-06-06T12:30:00.000Z
75,OCCUPIED,1.18,2026-06-09T13:22:00.000Z
75,OCCUPIED,0.84,2026-06-10T08:09:00.000Z
75,OCCUPIED,0.75,2026-06-11T11:27:00.000Z
75,OCCUPIED,1.00,2026-06-11T17:48:00.000Z
75,OCCUPIED,0.69,2026-06-12T20:18:00.000Z
75,FREE,1.44,2026-06-14T07:26:00.000Z
75,OCCUPIED,0.55,2026-06-15T14:45:00.000Z
75,FREE,1.08,2026-06-16T18:26:00.000Z
75,OCCUPIED,1.08,2026-06-18T11:49:00.000Z
75,OCCUPIED,1.35,2026-06-18T17:45:00.000Z
75,OCCUPIED,0.90,2026-06-19T17:11:00.000Z
75,FREE,0.69,2026-06-20T09:13:00.000Z
75,OCCUPIED,0.92,2026-06-22T12:41:00.000Z
75,OCCUPIED,0.99,2026-06-23T11:37:00.000Z
75,FREE,0.90,2026-06-25T09:09:00.000Z
75,FREE,1.09,2026-06-26T22:44:00.000Z
75,OCCUPIED,0.66,2026-06-27T09:21:00.000Z
75,FREE,1.49,2026-06-28T13:29:00.000Z
75,OCCUPIED,1.11,2026-06-29T11:31:00.000Z
75,OCCUPIED,0.62,2026-06-30T19:09:00.000Z
75,OCCUPIED,1.40,2026-07-02T09:52:00.000Z
75,FREE,0.93,2026-07-03T16:05:00.000Z
75,FREE,1.44,2026-07-05T17:24:00.000Z
75,OCCUPIED,1.35,2026-07-07T19:24:00.000Z
75,FREE,1.17,2026-07-11T17:04:00.000Z
75,FREE,1.35,2026-07-12T19:18:00.000Z
75,FREE,1.22,2026-07-14T13:31:00.000Z
75,OCCUPIED,1.05,2026-07-14T12:08:00.000Z
75,FREE,1.47,2026-07-15T12:02:00.000Z
75,OCCUPIED,0.92,2026-07-16T11:29:00.000Z
75,FREE,0.66,2026-07-18T13:04:00.000Z
75,OCCUPIED,1.14,2026-07-18T11:55:00.000Z
75,OCCUPIED,1.37,2026-07-21T19:12:00.000Z
75,OCCUPIED,1.40,2026-07-21T12:53:00.000Z
75,FREE,0.87,2026-07-22T22:25:00.000Z
75,FREE,0.97,2026-07-22T16:30:00.000Z
75,OCCUPIED,0.81,2026-07-23T12:33:00.000Z
75,OCCUPIED,1.15,2026-07-24T10:05:00.000Z
75,OCCUPIED,0.78,2026-07-25T10:16:00.000Z
75,FREE,1.05,2026-07-25T10:53:00.000Z
76,OCCUPIED,0.60,2026-06-01T18:20:00.000Z
76,FREE,1.21,2026-06-03T12:08:00.000Z
76,OCCUPIED,0.80,2026-06-04T17:32:00.000Z
76,FREE,1.11,2026-06-06T09:04:00.000Z
76,OCCUPIED,0.96,2026-06-07T11:27:00.000Z
76,OCCUPIED,0.96,2026-06-08T10:39:00.000Z
76,FREE,1.13,2026-06-10T15:28:00.000Z
76,FREE,0.79,2026-06-11T22:21:00.000Z
76,OCCUPIED,1.22,2026-06-12T11:53:00.000Z
76,OCCUPIED,1.00,2026-06-12T16:53:00.000Z
76,OCCUPIED,0.85,2026-06-13T16:25:00.000Z
76,FREE,1.46,2026-06-14T13:19:00.000Z
76,OCCUPIED,0.60,2026-06-16T09:51:00.000Z
76,FREE,1.39,2026-06-17T15:19:00.000Z
76,FREE,1.22,2026-06-18T15:09:00.000Z
76,OCCUPIED,1.35,2026-06-19T18:28:00.000Z
76,OCCUPIED,1.05,2026-06-19T09:33:00.000Z
76,OCCUPIED,0.66,2026-06-21T19:55:00.000Z
76,OCCUPIED,1.43,2026-06-22T13:57:00.000Z
76,OCCUPIED,1.12,2026-06-22T13:03:00.000Z
76,FREE,1.32,2026-06-23T08:44:00.000Z
76,OCCUPIED,1.25,2026-06-25T13:18:00.000Z
76,OCCUPIED,0.79,2026-06-26T11:23:00.000Z
76,OCCUPIED,0.94,2026-06-27T10:56:00.000Z
76,FREE,0.52,2026-06-29T19:14:00.000Z
76,OCCUPIED,1.41,2026-06-30T19:51:00.000Z
76,FREE,0.85,2026-06-30T20:24:00.000Z
76,OCCUPIED,0.93,2026-07-01T22:03:00.000Z
76,FREE,1.11,2026-07-02T18:35:00.000Z
76,FREE,0.98,2026-07-03T20:19:00.000Z
76,FREE,1.10,2026-07-04T10:39:00.000Z
76,OCCUPIED,0.87,2026-07-04T11:47:00.000Z
76,FREE,0.69,2026-07-07T17:46:00.000Z
76,FREE,1.47,2026-07-09T17:44:00.000Z
76,FREE,0.58,2026-07-10T08:38:00.000Z
76,OCCUPIED,0.61,2026-07-12T19:59:00.000Z
76,OCCUPIED,1.18,2026-07-13T15:01:00.000Z
76,OCCUPIED,0.93,2026-07-15T17:54:00.000Z
76,OCCUPIED,0.51,2026-07-16T12:13:00.000Z
76,FREE,1.33,2026-07-17T16:00:00.000Z
76,FREE,1.47,2026-07-18T09:35:00.000Z
76,OCCUPIED,0.54,2026-07-19T16:18:00.000Z
76,FREE,1.20,2026-07-20T08:08:00.000Z
76,OCCUPIED,0.94,2026-07-22T18:24:00.000Z
76,OCCUPIED,0.50,2026-07-22T11:02:00.000Z
76,OCCUPIED,1.35,2026-07-25T13:24:00.000Z
76,OCCUPIED,1.10,2026-07-26T07:37:00.000Z
77,FREE,1.37,2026-06-01T22:40:00.000Z
77,FREE,1.05,2026-06-02T22:43:00.000Z
77,OCCUPIED,1.39,2026-06-03T12:17:00.000Z
77,OCCUPIED,0.66,2026-06-04T19:51:00.000Z
77,OCCUPIED,0.87,2026-06-05T13:19:00.000Z
77,OCCUPIED,0.68,2026-06-05T12:47:00.000Z
77,OCCUPIED,0.63,2026-06-07T12:08:00.000Z
77,OCCUPIED,1.23,2026-06-08T12:55:00.000Z
77,OCCUPIED,0.56,2026-06-08T13:09:00.000Z
77,OCCUPIED,0.93,2026-06-09T10:21:00.000Z
77,OCCUPIED,1.23,2026-06-10T09:28:00.000Z
77,FREE,1.38,2026-06-11T11:46:00.000Z
77,OCCUPIED,0.65,2026-06-11T15:10:00.000Z
77,FREE,0.89,2026-06-14T19:40:00.000Z
77,OCCUPIED,1.34,2026-06-15T11:06:00.000Z
77,OCCUPIED,1.21,2026-06-20T10:32:00.000Z
77,FREE,1.34,2026-06-21T12:13:00.000Z
77,OCCUPIED,0.50,2026-06-23T12:06:00.000Z
77,OCCUPIED,1.32,2026-06-24T12:51:00.000Z
77,OCCUPIED,0.87,2026-06-25T14:26:00.000Z
77,FREE,0.64,2026-06-26T07:35:00.000Z
77,FREE,0.95,2026-06-26T21:15:00.000Z
77,FREE,1.38,2026-06-28T22:11:00.000Z
77,OCCUPIED,0.98,2026-06-29T19:36:00.000Z
77,OCCUPIED,0.69,2026-06-29T13:47:00.000Z
77,OCCUPIED,0.87,2026-06-30T10:57:00.000Z
77,OCCUPIED,0.53,2026-07-02T18:27:00.000Z
77,OCCUPIED,0.86,2026-07-03T12:47:00.000Z
77,OCCUPIED,0.68,2026-07-03T09:12:00.000Z
77,OCCUPIED,1.11,2026-07-04T14:06:00.000Z
77,FREE,0.84,2026-07-05T18:53:00.000Z
77,OCCUPIED,0.96,2026-07-05T15:18:00.000Z
77,FREE,1.23,2026-07-08T12:19:00.000Z
77,OCCUPIED,0.82,2026-07-09T18:05:00.000Z
77,OCCUPIED,1.49,2026-07-10T15:15:00.000Z
77,FREE,1.26,2026-07-11T22:24:00.000Z
77,FREE,1.16,2026-07-12T10:39:00.000Z
77,FREE,1.28,2026-07-12T20:46:00.000Z
77,OCCUPIED,0.90,2026-07-14T13:52:00.000Z
77,OCCUPIED,0.82,2026-07-18T13:15:00.000Z
77,OCCUPIED,0.90,2026-07-20T11:05:00.000Z
77,OCCUPIED,0.53,2026-07-20T07:33:00.000Z
77,FREE,0.68,2026-07-21T17:42:00.000Z
77,OCCUPIED,1.19,2026-07-22T18:30:00.000Z
77,OCCUPIED,1.17,2026-07-23T14:31:00.000Z
77,OCCUPIED,0.66,2026-07-24T12:36:00.000Z
77,OCCUPIED,1.41,2026-07-24T10:56:00.000Z
77,OCCUPIED,1.05,2026-07-25T10:42:00.000Z
77,FREE,0.63,2026-07-26T09:25:00.000Z
78,OCCUPIED,1.04,2026-06-03T13:41:00.000Z
78,FREE,0.62,2026-06-03T19:17:00.000Z
78,OCCUPIED,1.15,2026-06-04T18:50:00.000Z
78,OCCUPIED,1.18,2026-06-04T09:33:00.000Z
78,FREE,1.36,2026-06-05T07:04:00.000Z
78,OCCUPIED,0.83,2026-06-06T17:27:00.000Z
78,OCCUPIED,0.99,2026-06-06T09:06:00.000Z
78,OCCUPIED,1.46,2026-06-07T09:40:00.000Z
78,OCCUPIED,0.53,2026-06-09T13:41:00.000Z
78,OCCUPIED,1.13,2026-06-12T09:08:00.000Z
78,FREE,1.42,2026-06-13T07:14:00.000Z
78,FREE,1.08,2026-06-14T11:04:00.000Z
78,FREE,0.99,2026-06-15T17:13:00.000Z
78,OCCUPIED,0.95,2026-06-15T18:39:00.000Z
78,FREE,1.31,2026-06-18T18:53:00.000Z
78,FREE,1.46,2026-06-19T08:11:00.000Z
78,OCCUPIED,1.13,2026-06-20T12:18:00.000Z
78,OCCUPIED,1.36,2026-06-21T10:44:00.000Z
78,FREE,1.15,2026-06-22T09:11:00.000Z
78,OCCUPIED,0.74,2026-06-23T12:52:00.000Z
78,FREE,1.40,2026-06-24T17:05:00.000Z
78,OCCUPIED,1.47,2026-06-25T10:30:00.000Z
78,OCCUPIED,1.39,2026-06-27T16:59:00.000Z
78,FREE,0.83,2026-06-30T15:31:00.000Z
78,OCCUPIED,0.93,2026-07-01T14:31:00.000Z
78,OCCUPIED,0.87,2026-07-02T12:54:00.000Z
78,OCCUPIED,1.25,2026-07-03T09:57:00.000Z
78,OCCUPIED,0.63,2026-07-04T10:22:00.000Z
78,OCCUPIED,0.82,2026-07-06T19:38:00.000Z
78,FREE,0.84,2026-07-07T21:03:00.000Z
78,OCCUPIED,0.90,2026-07-07T09:37:00.000Z
78,OCCUPIED,1.04,2026-07-09T13:26:00.000Z
78,OCCUPIED,1.44,2026-07-10T11:52:00.000Z
78,OCCUPIED,0.76,2026-07-11T12:19:00.000Z
78,OCCUPIED,1.08,2026-07-12T19:25:00.000Z
78,FREE,1.16,2026-07-12T14:58:00.000Z
78,FREE,1.21,2026-07-13T13:09:00.000Z
78,FREE,0.52,2026-07-14T09:58:00.000Z
78,FREE,0.80,2026-07-15T11:19:00.000Z
78,OCCUPIED,1.07,2026-07-19T13:22:00.000Z
78,OCCUPIED,1.49,2026-07-19T09:11:00.000Z
78,OCCUPIED,1.13,2026-07-21T12:58:00.000Z
78,OCCUPIED,1.48,2026-07-23T17:44:00.000Z
78,FREE,0.87,2026-07-24T08:43:00.000Z
78,OCCUPIED,0.68,2026-07-24T10:11:00.000Z
78,FREE,1.31,2026-07-26T12:50:00.000Z
79,FREE,1.44,2026-06-01T22:37:00.000Z
79,FREE,1.26,2026-06-02T19:14:00.000Z
79,OCCUPIED,1.09,2026-06-03T11:24:00.000Z
79,FREE,1.31,2026-06-04T17:30:00.000Z
79,FREE,1.27,2026-06-07T11:49:00.000Z
79,FREE,1.16,2026-06-09T12:31:00.000Z
79,FREE,0.93,2026-06-09T10:19:00.000Z
79,OCCUPIED,1.12,2026-06-11T09:20:00.000Z
79,OCCUPIED,1.20,2026-06-12T12:17:00.000Z
79,OCCUPIED,0.79,2026-06-14T15:20:00.000Z
79,OCCUPIED,1.15,2026-06-15T10:00:00.000Z
79,OCCUPIED,1.02,2026-06-17T22:24:00.000Z
79,FREE,0.55,2026-06-19T12:55:00.000Z
79,FREE,0.51,2026-06-21T10:05:00.000Z
79,FREE,0.58,2026-06-22T12:24:00.000Z
79,OCCUPIED,0.61,2026-06-23T14:31:00.000Z
79,OCCUPIED,1.17,2026-06-23T13:28:00.000Z
79,OCCUPIED,1.01,2026-06-25T13:14:00.000Z
79,FREE,0.55,2026-06-27T21:45:00.000Z
79,FREE,0.88,2026-06-28T10:02:00.000Z
79,FREE,1.50,2026-06-28T12:41:00.000Z
79,FREE,1.39,2026-06-30T20:45:00.000Z
79,OCCUPIED,0.67,2026-07-02T09:49:00.000Z
79,OCCUPIED,1.29,2026-07-03T17:19:00.000Z
79,FREE,0.73,2026-07-04T16:38:00.000Z
79,OCCUPIED,1.01,2026-07-05T11:57:00.000Z
79,FREE,0.59,2026-07-07T21:58:00.000Z
79,OCCUPIED,1.21,2026-07-08T13:42:00.000Z
79,OCCUPIED,1.28,2026-07-10T10:53:00.000Z
79,FREE,0.69,2026-07-11T11:36:00.000Z
79,FREE,0.89,2026-07-12T09:28:00.000Z
79,OCCUPIED,1.26,2026-07-14T17:47:00.000Z
79,FREE,0.71,2026-07-15T07:16:00.000Z
79,FREE,1.01,2026-07-16T17:44:00.000Z
79,FREE,1.28,2026-07-18T18:08:00.000Z
79,FREE,1.01,2026-07-18T13:34:00.000Z
79,FREE,0.98,2026-07-19T21:56:00.000Z
79,OCCUPIED,0.60,2026-07-19T18:09:00.000Z
79,OCCUPIED,1.29,2026-07-20T18:53:00.000Z
79,FREE,0.98,2026-07-21T18:31:00.000Z
79,FREE,0.86,2026-07-24T14:58:00.000Z
79,FREE,0.87,2026-07-26T09:45:00.000Z
80,FREE,0.85,2026-06-02T16:27:00.000Z
80,FREE,0.70,2026-06-08T10:05:00.000Z
80,FREE,1.15,2026-06-09T18:50:00.000Z
80,FREE,0.51,2026-06-10T14:45:00.000Z
80,OCCUPIED,1.23,2026-06-11T15:10:00.000Z
80,FREE,0.96,2026-06-12T09:34:00.000Z
80,OCCUPIED,0.78,2026-06-13T18:05:00.000Z
80,FREE,1.11,2026-06-16T15:30:00.000Z
80,OCCUPIED,0.99,2026-06-18T10:06:00.000Z
80,FREE,1.13,2026-06-19T13:48:00.000Z
80,OCCUPIED,1.22,2026-06-20T17:52:00.000Z
80,OCCUPIED,1.23,2026-06-23T12:40:00.000Z
80,OCCUPIED,0.85,2026-06-24T11:40:00.000Z
80,OCCUPIED,1.15,2026-06-27T14:45:00.000Z
80,FREE,1.35,2026-06-27T08:38:00.000Z
80,FREE,1.46,2026-06-28T18:21:00.000Z
80,FREE,0.93,2026-06-29T11:29:00.000Z
80,FREE,1.43,2026-06-30T07:59:00.000Z
80,OCCUPIED,1.32,2026-06-30T09:10:00.000Z
80,OCCUPIED,1.16,2026-07-03T17:20:00.000Z
80,OCCUPIED,1.29,2026-07-06T15:30:00.000Z
80,OCCUPIED,1.09,2026-07-06T11:33:00.000Z
80,FREE,1.18,2026-07-07T14:51:00.000Z
80,FREE,0.90,2026-07-09T07:26:00.000Z
80,OCCUPIED,0.83,2026-07-10T12:00:00.000Z
80,FREE,0.70,2026-07-11T21:20:00.000Z
80,FREE,0.79,2026-07-12T19:01:00.000Z
80,FREE,1.01,2026-07-15T13:21:00.000Z
80,OCCUPIED,1.46,2026-07-16T10:23:00.000Z
80,OCCUPIED,0.71,2026-07-17T10:17:00.000Z
80,OCCUPIED,1.05,2026-07-17T19:15:00.000Z
80,OCCUPIED,1.15,2026-07-19T17:22:00.000Z
80,OCCUPIED,1.42,2026-07-20T18:09:00.000Z
80,OCCUPIED,1.39,2026-07-22T09:13:00.000Z
80,OCCUPIED,0.57,2026-07-23T12:34:00.000Z
80,OCCUPIED,1.24,2026-07-24T16:48:00.000Z
80,FREE,1.48,2026-07-25T13:56:00.000Z
80,FREE,1.41,2026-07-25T07:22:00.000Z
81,OCCUPIED,0.84,2026-06-01T21:56:00.000Z
81,OCCUPIED,1.31,2026-06-02T13:48:00.000Z
81,FREE,1.48,2026-06-02T19:22:00.000Z
81,OCCUPIED,1.09,2026-06-06T12:50:00.000Z
81,OCCUPIED,0.51,2026-06-07T10:36:00.000Z
81,OCCUPIED,1.26,2026-06-08T13:30:00.000Z
81,FREE,0.54,2026-06-09T13:44:00.000Z
81,FREE,1.36,2026-06-10T08:51:00.000Z
81,OCCUPIED,0.66,2026-06-12T17:09:00.000Z
81,OCCUPIED,1.21,2026-06-13T13:01:00.000Z
81,FREE,0.89,2026-06-15T21:45:00.000Z
81,FREE,0.59,2026-06-16T11:22:00.000Z
81,OCCUPIED,0.80,2026-06-18T17:49:00.000Z
81,OCCUPIED,1.35,2026-06-19T18:47:00.000Z
81,FREE,0.67,2026-06-20T19:40:00.000Z
81,FREE,0.93,2026-06-21T07:46:00.000Z
81,OCCUPIED,0.63,2026-06-22T16:06:00.000Z
81,FREE,0.74,2026-06-24T13:08:00.000Z
81,FREE,1.39,2026-06-27T17:10:00.000Z
81,FREE,0.76,2026-07-01T12:49:00.000Z
81,OCCUPIED,0.95,2026-07-02T19:00:00.000Z
81,FREE,1.21,2026-07-03T17:59:00.000Z
81,OCCUPIED,0.85,2026-07-06T13:18:00.000Z
81,OCCUPIED,0.89,2026-07-06T16:58:00.000Z
81,FREE,0.90,2026-07-08T12:20:00.000Z
81,OCCUPIED,0.55,2026-07-08T19:39:00.000Z
81,OCCUPIED,0.95,2026-07-09T17:50:00.000Z
81,OCCUPIED,0.71,2026-07-12T10:12:00.000Z
81,FREE,0.70,2026-07-12T21:45:00.000Z
81,OCCUPIED,1.02,2026-07-15T19:14:00.000Z
81,FREE,1.47,2026-07-16T18:04:00.000Z
81,OCCUPIED,1.02,2026-07-17T07:52:00.000Z
81,OCCUPIED,0.52,2026-07-18T13:02:00.000Z
81,FREE,1.30,2026-07-19T08:59:00.000Z
81,FREE,0.58,2026-07-20T11:58:00.000Z
81,OCCUPIED,0.53,2026-07-21T13:32:00.000Z
81,OCCUPIED,0.89,2026-07-22T20:02:00.000Z
81,FREE,0.96,2026-07-24T17:44:00.000Z
81,FREE,1.28,2026-07-26T18:06:00.000Z
81,OCCUPIED,1.04,2026-07-26T09:54:00.000Z
82,OCCUPIED,0.51,2026-06-02T17:06:00.000Z
82,FREE,1.05,2026-06-03T16:14:00.000Z
82,OCCUPIED,1.15,2026-06-06T18:48:00.000Z
82,OCCUPIED,0.98,2026-06-07T12:53:00.000Z
82,OCCUPIED,0.65,2026-06-12T10:27:00.000Z
82,FREE,1.35,2026-06-14T08:52:00.000Z
82,OCCUPIED,0.68,2026-06-15T13:23:00.000Z
82,OCCUPIED,0.85,2026-06-16T11:08:00.000Z
82,OCCUPIED,1.02,2026-06-16T19:39:00.000Z
82,OCCUPIED,0.66,2026-06-17T13:29:00.000Z
82,OCCUPIED,1.50,2026-06-18T19:45:00.000Z
82,OCCUPIED,1.01,2026-06-19T17:43:00.000Z
82,OCCUPIED,1.21,2026-06-22T12:16:00.000Z
82,FREE,0.77,2026-06-23T08:58:00.000Z
82,OCCUPIED,1.22,2026-06-24T09:13:00.000Z
82,OCCUPIED,1.18,2026-06-25T11:24:00.000Z
82,OCCUPIED,1.25,2026-06-26T12:19:00.000Z
82,OCCUPIED,0.51,2026-06-29T17:56:00.000Z
82,FREE,1.15,2026-06-29T09:19:00.000Z
82,FREE,1.36,2026-06-30T21:15:00.000Z
82,OCCUPIED,0.79,2026-07-01T11:16:00.000Z
82,OCCUPIED,1.10,2026-07-02T20:18:00.000Z
82,OCCUPIED,0.69,2026-07-03T16:47:00.000Z
82,OCCUPIED,0.87,2026-07-04T17:32:00.000Z
82,OCCUPIED,1.48,2026-07-04T17:29:00.000Z
82,FREE,0.61,2026-07-05T12:29:00.000Z
82,FREE,0.66,2026-07-06T08:52:00.000Z
82,OCCUPIED,0.97,2026-07-07T10:31:00.000Z
82,OCCUPIED,1.32,2026-07-09T11:56:00.000Z
82,OCCUPIED,1.34,2026-07-11T22:04:00.000Z
82,FREE,1.39,2026-07-11T13:47:00.000Z
82,FREE,1.11,2026-07-12T17:19:00.000Z
82,OCCUPIED,1.20,2026-07-13T11:33:00.000Z
82,OCCUPIED,1.37,2026-07-13T17:20:00.000Z
82,OCCUPIED,0.87,2026-07-14T19:20:00.000Z
82,OCCUPIED,1.01,2026-07-18T17:49:00.000Z
82,FREE,0.88,2026-07-18T17:44:00.000Z
82,OCCUPIED,0.75,2026-07-19T08:01:00.000Z
82,OCCUPIED,0.73,2026-07-21T10:08:00.000Z
82,FREE,0.93,2026-07-22T22:05:00.000Z
82,OCCUPIED,0.69,2026-07-22T15:50:00.000Z
82,OCCUPIED,1.45,2026-07-23T13:05:00.000Z
82,OCCUPIED,0.63,2026-07-25T17:13:00.000Z
82,OCCUPIED,0.74,2026-07-25T12:47:00.000Z
83,FREE,1.29,2026-06-01T22:40:00.000Z
83,OCCUPIED,0.81,2026-06-03T09:21:00.000Z
83,OCCUPIED,1.15,2026-06-04T18:41:00.000Z
83,FREE,0.99,2026-06-05T08:49:00.000Z
83,OCCUPIED,0.77,2026-06-06T10:22:00.000Z
83,OCCUPIED,0.90,2026-06-06T19:31:00.000Z
83,OCCUPIED,0.92,2026-06-07T09:48:00.000Z
83,FREE,1.40,2026-06-07T15:46:00.000Z
83,OCCUPIED,0.84,2026-06-08T10:53:00.000Z
83,FREE,0.69,2026-06-10T13:40:00.000Z
83,OCCUPIED,1.12,2026-06-11T11:06:00.000Z
83,OCCUPIED,1.44,2026-06-12T20:39:00.000Z
83,OCCUPIED,1.30,2026-06-13T19:47:00.000Z
83,OCCUPIED,1.12,2026-06-15T12:09:00.000Z
83,OCCUPIED,0.55,2026-06-16T12:05:00.000Z
83,OCCUPIED,0.86,2026-06-16T13:07:00.000Z
83,OCCUPIED,0.87,2026-06-17T11:04:00.000Z
83,FREE,0.76,2026-06-19T15:38:00.000Z
83,FREE,1.29,2026-06-20T10:01:00.000Z
83,FREE,0.72,2026-06-21T19:20:00.000Z
83,OCCUPIED,0.89,2026-06-22T19:15:00.000Z
83,OCCUPIED,0.50,2026-06-23T20:52:00.000Z
83,FREE,0.86,2026-06-27T19:18:00.000Z
83,OCCUPIED,1.45,2026-06-27T12:23:00.000Z
83,FREE,1.39,2026-06-30T10:53:00.000Z
83,OCCUPIED,1.42,2026-07-02T18:55:00.000Z
83,OCCUPIED,0.57,2026-07-03T12:08:00.000Z
83,OCCUPIED,1.48,2026-07-06T10:54:00.000Z
83,OCCUPIED,0.52,2026-07-07T10:08:00.000Z
83,OCCUPIED,1.49,2026-07-07T09:08:00.000Z
83,OCCUPIED,0.53,2026-07-08T12:35:00.000Z
83,FREE,1.37,2026-07-09T19:17:00.000Z
83,FREE,0.94,2026-07-09T11:29:00.000Z
83,FREE,1.32,2026-07-10T19:07:00.000Z
83,OCCUPIED,0.59,2026-07-10T19:30:00.000Z
83,OCCUPIED,1.39,2026-07-11T09:05:00.000Z
83,OCCUPIED,0.99,2026-07-15T10:04:00.000Z
83,FREE,0.74,2026-07-16T12:49:00.000Z
83,OCCUPIED,0.81,2026-07-16T17:13:00.000Z
83,FREE,0.51,2026-07-17T07:19:00.000Z
83,FREE,1.06,2026-07-18T15:37:00.000Z
83,OCCUPIED,0.91,2026-07-20T09:09:00.000Z
83,OCCUPIED,1.25,2026-07-20T18:01:00.000Z
83,OCCUPIED,1.13,2026-07-22T17:12:00.000Z
83,OCCUPIED,1.46,2026-07-24T07:52:00.000Z
83,FREE,0.93,2026-07-26T07:32:00.000Z
84,OCCUPIED,0.59,2026-06-01T13:40:00.000Z
84,FREE,1.23,2026-06-02T14:31:00.000Z
84,OCCUPIED,1.09,2026-06-03T12:04:00.000Z
84,FREE,1.15,2026-06-04T12:41:00.000Z
84,FREE,0.69,2026-06-07T19:31:00.000Z
84,OCCUPIED,1.36,2026-06-08T08:31:00.000Z
84,OCCUPIED,1.03,2026-06-09T09:43:00.000Z
84,OCCUPIED,1.18,2026-06-10T16:22:00.000Z
84,OCCUPIED,1.03,2026-06-12T13:59:00.000Z
84,OCCUPIED,0.96,2026-06-12T12:58:00.000Z
84,OCCUPIED,1.22,2026-06-13T12:16:00.000Z
84,OCCUPIED,1.32,2026-06-15T11:13:00.000Z
84,OCCUPIED,0.74,2026-06-16T11:23:00.000Z
84,FREE,1.04,2026-06-17T18:51:00.000Z
84,OCCUPIED,1.22,2026-06-18T13:42:00.000Z
84,FREE,0.72,2026-06-19T07:34:00.000Z
84,FREE,0.96,2026-06-20T22:09:00.000Z
84,FREE,0.53,2026-06-21T08:29:00.000Z
84,OCCUPIED,1.48,2026-06-22T18:58:00.000Z
84,FREE,0.97,2026-06-24T18:00:00.000Z
84,OCCUPIED,1.21,2026-06-24T17:42:00.000Z
84,OCCUPIED,1.49,2026-06-25T09:36:00.000Z
84,FREE,0.70,2026-06-25T17:25:00.000Z
84,OCCUPIED,1.01,2026-06-28T21:18:00.000Z
84,FREE,0.55,2026-07-02T07:26:00.000Z
84,FREE,1.18,2026-07-02T13:41:00.000Z
84,FREE,1.49,2026-07-06T13:26:00.000Z
84,OCCUPIED,0.80,2026-07-06T08:08:00.000Z
84,OCCUPIED,0.59,2026-07-08T11:03:00.000Z
84,OCCUPIED,0.67,2026-07-11T17:50:00.000Z
84,OCCUPIED,0.58,2026-07-13T09:42:00.000Z
84,OCCUPIED,1.47,2026-07-14T18:50:00.000Z
84,OCCUPIED,1.45,2026-07-15T10:50:00.000Z
84,OCCUPIED,1.41,2026-07-16T11:13:00.000Z
84,FREE,1.35,2026-07-18T09:33:00.000Z
84,FREE,0.82,2026-07-19T14:50:00.000Z
84,OCCUPIED,1.19,2026-07-20T12:15:00.000Z
84,OCCUPIED,0.70,2026-07-20T13:54:00.000Z
84,FREE,0.65,2026-07-21T19:47:00.000Z
84,OCCUPIED,1.16,2026-07-21T09:25:00.000Z
84,FREE,1.10,2026-07-23T14:24:00.000Z
84,OCCUPIED,1.31,2026-07-24T18:16:00.000Z
84,FREE,0.55,2026-07-24T21:19:00.000Z
85,FREE,0.66,2026-06-01T14:18:00.000Z
85,OCCUPIED,1.13,2026-06-02T11:10:00.000Z
85,FREE,0.57,2026-06-06T11:23:00.000Z
85,FREE,0.84,2026-06-07T17:51:00.000Z
85,FREE,0.97,2026-06-10T07:58:00.000Z
85,FREE,0.52,2026-06-11T07:06:00.000Z
85,OCCUPIED,0.53,2026-06-11T12:52:00.000Z
85,FREE,0.77,2026-06-12T15:54:00.000Z
85,FREE,1.00,2026-06-13T16:40:00.000Z
85,FREE,1.15,2026-06-16T13:08:00.000Z
85,OCCUPIED,0.74,2026-06-17T10:41:00.000Z
85,FREE,0.93,2026-06-18T12:02:00.000Z
85,FREE,1.09,2026-06-19T11:46:00.000Z
85,FREE,1.45,2026-06-20T16:49:00.000Z
85,OCCUPIED,0.69,2026-06-20T13:20:00.000Z
85,FREE,0.81,2026-06-21T18:43:00.000Z
85,FREE,0.55,2026-06-22T09:21:00.000Z
85,OCCUPIED,1.20,2026-06-23T17:53:00.000Z
85,FREE,1.10,2026-06-30T08:59:00.000Z
85,FREE,0.76,2026-07-01T21:33:00.000Z
85,OCCUPIED,1.45,2026-07-05T09:27:00.000Z
85,OCCUPIED,1.09,2026-07-07T09:27:00.000Z
85,FREE,1.06,2026-07-08T16:41:00.000Z
85,FREE,1.20,2026-07-09T21:48:00.000Z
85,FREE,1.49,2026-07-10T13:01:00.000Z
85,FREE,1.02,2026-07-10T20:17:00.000Z
85,FREE,0.80,2026-07-11T19:48:00.000Z
85,OCCUPIED,0.58,2026-07-12T08:35:00.000Z
85,FREE,0.97,2026-07-13T08:58:00.000Z
85,OCCUPIED,1.05,2026-07-14T12:24:00.000Z
85,FREE,0.52,2026-07-15T17:12:00.000Z
85,OCCUPIED,0.78,2026-07-16T13:56:00.000Z
85,FREE,1.13,2026-07-18T19:29:00.000Z
85,OCCUPIED,0.94,2026-07-18T13:29:00.000Z
85,FREE,1.15,2026-07-19T20:01:00.000Z
85,OCCUPIED,0.92,2026-07-20T17:50:00.000Z
85,FREE,1.07,2026-07-21T09:00:00.000Z
85,FREE,1.14,2026-07-23T07:43:00.000Z
85,OCCUPIED,0.50,2026-07-24T08:57:00.000Z
85,OCCUPIED,1.10,2026-07-24T11:54:00.000Z
85,OCCUPIED,0.70,2026-07-25T11:51:00.000Z
85,FREE,1.45,2026-07-26T10:36:00.000Z
86,OCCUPIED,1.16,2026-06-01T10:39:00.000Z
86,OCCUPIED,1.29,2026-06-02T08:52:00.000Z
86,OCCUPIED,1.34,2026-06-03T09:07:00.000Z
86,OCCUPIED,0.74,2026-06-04T16:38:00.000Z
86,FREE,1.00,2026-06-09T16:01:00.000Z
86,OCCUPIED,1.41,2026-06-10T08:58:00.000Z
86,FREE,1.44,2026-06-12T21:03:00.000Z
86,OCCUPIED,1.01,2026-06-13T17:39:00.000Z
86,FREE,1.01,2026-06-15T12:29:00.000Z
86,OCCUPIED,0.53,2026-06-15T16:26:00.000Z
86,OCCUPIED,0.53,2026-06-16T12:49:00.000Z
86,OCCUPIED,1.45,2026-06-17T18:06:00.000Z
86,FREE,0.99,2026-06-18T12:39:00.000Z
86,FREE,1.34,2026-06-21T16:24:00.000Z
86,OCCUPIED,0.61,2026-06-22T13:22:00.000Z
86,OCCUPIED,1.38,2026-06-25T19:19:00.000Z
86,OCCUPIED,0.84,2026-06-26T09:09:00.000Z
86,OCCUPIED,0.91,2026-06-27T09:48:00.000Z
86,FREE,0.78,2026-06-28T18:26:00.000Z
86,FREE,1.41,2026-06-29T14:00:00.000Z
86,OCCUPIED,1.42,2026-06-30T17:46:00.000Z
86,OCCUPIED,1.12,2026-07-01T18:44:00.000Z
86,OCCUPIED,1.49,2026-07-03T13:44:00.000Z
86,OCCUPIED,0.67,2026-07-04T17:53:00.000Z
86,FREE,0.95,2026-07-05T12:24:00.000Z
86,FREE,1.46,2026-07-06T08:34:00.000Z
86,OCCUPIED,1.29,2026-07-06T11:20:00.000Z
86,OCCUPIED,1.30,2026-07-07T14:18:00.000Z
86,FREE,0.90,2026-07-07T08:57:00.000Z
86,OCCUPIED,1.09,2026-07-08T10:03:00.000Z
86,OCCUPIED,0.76,2026-07-08T17:53:00.000Z
86,OCCUPIED,1.30,2026-07-09T14:23:00.000Z
86,OCCUPIED,0.66,2026-07-11T21:51:00.000Z
86,OCCUPIED,0.62,2026-07-15T09:35:00.000Z
86,FREE,1.04,2026-07-17T19:15:00.000Z
86,OCCUPIED,0.59,2026-07-18T15:18:00.000Z
86,FREE,1.24,2026-07-19T17:21:00.000Z
86,OCCUPIED,0.54,2026-07-19T17:25:00.000Z
86,OCCUPIED,1.03,2026-07-20T14:54:00.000Z
86,OCCUPIED,1.34,2026-07-22T10:47:00.000Z
86,OCCUPIED,0.50,2026-07-23T11:01:00.000Z
87,FREE,1.23,2026-06-02T16:05:00.000Z
87,OCCUPIED,0.55,2026-06-03T18:22:00.000Z
87,OCCUPIED,1.20,2026-06-04T13:39:00.000Z
87,OCCUPIED,0.88,2026-06-06T12:28:00.000Z
87,FREE,1.37,2026-06-07T16:37:00.000Z
87,FREE,0.78,2026-06-07T14:49:00.000Z
87,OCCUPIED,1.30,2026-06-08T17:55:00.000Z
87,OCCUPIED,0.70,2026-06-09T17:14:00.000Z
87,OCCUPIED,1.31,2026-06-10T18:14:00.000Z
87,FREE,0.84,2026-06-11T14:46:00.000Z
87,FREE,1.32,2026-06-13T17:01:00.000Z
87,OCCUPIED,0.56,2026-06-14T08:36:00.000Z
87,OCCUPIED,1.02,2026-06-15T13:44:00.000Z
87,OCCUPIED,0.54,2026-06-17T11:48:00.000Z
87,FREE,1.11,2026-06-18T20:04:00.000Z
87,OCCUPIED,0.82,2026-06-19T11:33:00.000Z
87,FREE,0.81,2026-06-20T07:02:00.000Z
87,FREE,1.42,2026-06-23T17:41:00.000Z
87,FREE,1.14,2026-06-23T15:21:00.000Z
87,OCCUPIED,1.46,2026-06-24T15:54:00.000Z
87,FREE,0.99,2026-06-25T16:40:00.000Z
87,FREE,1.29,2026-06-27T21:56:00.000Z
87,FREE,1.05,2026-06-28T07:00:00.000Z
87,FREE,0.79,2026-06-30T18:00:00.000Z
87,OCCUPIED,0.99,2026-07-01T12:26:00.000Z
87,OCCUPIED,1.07,2026-07-02T13:54:00.000Z
87,FREE,1.40,2026-07-02T21:33:00.000Z
87,FREE,1.38,2026-07-03T16:06:00.000Z
87,OCCUPIED,0.80,2026-07-05T21:50:00.000Z
87,OCCUPIED,0.82,2026-07-05T10:16:00.000Z
87,FREE,0.58,2026-07-06T07:34:00.000Z
87,OCCUPIED,0.60,2026-07-07T13:48:00.000Z
87,FREE,1.29,2026-07-08T19:56:00.000Z
87,FREE,1.23,2026-07-09T22:50:00.000Z
87,FREE,1.42,2026-07-10T22:58:00.000Z
87,OCCUPIED,1.48,2026-07-11T09:22:00.000Z
87,FREE,1.11,2026-07-12T13:46:00.000Z
87,FREE,0.63,2026-07-13T14:11:00.000Z
87,OCCUPIED,1.19,2026-07-13T18:26:00.000Z
87,OCCUPIED,0.55,2026-07-15T18:21:00.000Z
87,FREE,0.58,2026-07-15T07:40:00.000Z
87,FREE,1.04,2026-07-16T20:01:00.000Z
87,FREE,0.95,2026-07-17T10:42:00.000Z
87,FREE,0.79,2026-07-19T11:23:00.000Z
87,FREE,0.73,2026-07-20T10:53:00.000Z
87,FREE,0.62,2026-07-21T14:13:00.000Z
87,OCCUPIED,1.00,2026-07-21T09:22:00.000Z
87,FREE,1.04,2026-07-22T21:22:00.000Z
87,OCCUPIED,0.82,2026-07-26T12:33:00.000Z
88,FREE,0.79,2026-06-02T12:25:00.000Z
88,FREE,1.41,2026-06-03T07:14:00.000Z
88,OCCUPIED,1.21,2026-06-06T13:14:00.000Z
88,OCCUPIED,1.41,2026-06-08T09:25:00.000Z
88,OCCUPIED,1.45,2026-06-09T17:03:00.000Z
88,FREE,1.04,2026-06-10T13:18:00.000Z
88,FREE,1.13,2026-06-11T19:37:00.000Z
88,FREE,0.64,2026-06-12T15:51:00.000Z
88,OCCUPIED,1.18,2026-06-12T10:52:00.000Z
88,FREE,0.51,2026-06-13T18:05:00.000Z
88,FREE,0.67,2026-06-14T09:53:00.000Z
88,OCCUPIED,0.85,2026-06-16T17:45:00.000Z
88,OCCUPIED,0.75,2026-06-18T12:32:00.000Z
88,FREE,0.67,2026-06-19T08:58:00.000Z
88,OCCUPIED,0.52,2026-06-19T09:37:00.000Z
88,OCCUPIED,0.51,2026-06-20T12:48:00.000Z
88,OCCUPIED,0.80,2026-06-21T12:39:00.000Z
88,FREE,0.76,2026-06-22T13:02:00.000Z
88,OCCUPIED,1.24,2026-06-23T11:55:00.000Z
88,FREE,0.71,2026-06-24T21:01:00.000Z
88,OCCUPIED,0.63,2026-06-24T22:07:00.000Z
88,FREE,1.47,2026-06-25T15:11:00.000Z
88,OCCUPIED,0.84,2026-06-27T10:59:00.000Z
88,OCCUPIED,0.91,2026-06-28T17:13:00.000Z
88,FREE,1.50,2026-06-28T13:37:00.000Z
88,FREE,1.04,2026-06-29T08:23:00.000Z
88,OCCUPIED,1.29,2026-07-02T18:27:00.000Z
88,FREE,0.58,2026-07-03T09:20:00.000Z
88,FREE,0.87,2026-07-05T10:20:00.000Z
88,OCCUPIED,1.27,2026-07-06T20:03:00.000Z
88,OCCUPIED,1.28,2026-07-10T09:07:00.000Z
88,OCCUPIED,1.18,2026-07-11T20:18:00.000Z
88,OCCUPIED,1.30,2026-07-13T18:30:00.000Z
88,OCCUPIED,0.81,2026-07-16T11:32:00.000Z
88,OCCUPIED,0.81,2026-07-16T13:55:00.000Z
88,OCCUPIED,0.75,2026-07-17T12:10:00.000Z
88,OCCUPIED,1.23,2026-07-20T16:46:00.000Z
88,OCCUPIED,0.99,2026-07-22T19:42:00.000Z
88,OCCUPIED,1.03,2026-07-23T14:15:00.000Z
88,OCCUPIED,1.22,2026-07-24T09:42:00.000Z
88,OCCUPIED,1.26,2026-07-25T18:37:00.000Z
89,OCCUPIED,1.10,2026-06-01T09:52:00.000Z
89,OCCUPIED,0.50,2026-06-02T16:10:00.000Z
89,OCCUPIED,1.39,2026-06-02T12:35:00.000Z
89,OCCUPIED,1.25,2026-06-04T18:41:00.000Z
89,FREE,1.26,2026-06-05T18:24:00.000Z
89,FREE,0.54,2026-06-06T20:47:00.000Z
89,FREE,0.71,2026-06-07T18:06:00.000Z
89,FREE,0.59,2026-06-08T20:52:00.000Z
89,FREE,1.35,2026-06-09T08:08:00.000Z
89,FREE,1.31,2026-06-09T15:17:00.000Z
89,OCCUPIED,0.80,2026-06-10T17:06:00.000Z
89,OCCUPIED,1.28,2026-06-11T10:32:00.000Z
89,OCCUPIED,1.25,2026-06-13T19:43:00.000Z
89,FREE,1.01,2026-06-14T12:50:00.000Z
89,FREE,1.26,2026-06-15T22:44:00.000Z
89,OCCUPIED,1.11,2026-06-16T10:11:00.000Z
89,FREE,0.58,2026-06-17T20:11:00.000Z
89,OCCUPIED,1.04,2026-06-19T17:48:00.000Z
89,FREE,0.63,2026-06-20T13:38:00.000Z
89,FREE,1.12,2026-06-21T10:45:00.000Z
89,FREE,0.55,2026-06-22T22:54:00.000Z
89,FREE,0.62,2026-06-22T12:36:00.000Z
89,OCCUPIED,0.56,2026-06-23T13:34:00.000Z
89,FREE,0.76,2026-06-25T09:53:00.000Z
89,FREE,0.95,2026-06-26T13:14:00.000Z
89,OCCUPIED,0.65,2026-06-28T18:10:00.000Z
89,OCCUPIED,0.66,2026-06-29T13:48:00.000Z
89,OCCUPIED,0.60,2026-06-30T19:57:00.000Z
89,FREE,1.33,2026-07-01T15:59:00.000Z
89,FREE,0.87,2026-07-01T21:46:00.000Z
89,OCCUPIED,0.62,2026-07-06T14:19:00.000Z
89,OCCUPIED,1.21,2026-07-09T09:41:00.000Z
89,OCCUPIED,1.46,2026-07-10T19:53:00.000Z
89,OCCUPIED,1.25,2026-07-11T10:36:00.000Z
89,FREE,1.02,2026-07-13T09:40:00.000Z
89,OCCUPIED,1.11,2026-07-14T09:57:00.000Z
89,FREE,0.99,2026-07-16T14:09:00.000Z
89,OCCUPIED,1.49,2026-07-17T19:41:00.000Z
89,FREE,0.97,2026-07-19T09:40:00.000Z
89,FREE,0.94,2026-07-23T08:23:00.000Z
89,FREE,0.50,2026-07-24T14:17:00.000Z
89,FREE,1.41,2026-07-25T19:01:00.000Z
89,OCCUPIED,1.30,2026-07-25T11:44:00.000Z
89,FREE,1.16,2026-07-26T16:23:00.000Z
90,OCCUPIED,0.99,2026-06-02T12:22:00.000Z
90,OCCUPIED,1.31,2026-06-04T14:40:00.000Z
90,FREE,1.44,2026-06-06T13:43:00.000Z
90,OCCUPIED,1.13,2026-06-07T22:31:00.000Z
90,OCCUPIED,1.37,2026-06-10T12:33:00.000Z
90,OCCUPIED,1.14,2026-06-10T10:43:00.000Z
90,OCCUPIED,0.81,2026-06-12T13:47:00.000Z
90,OCCUPIED,0.56,2026-06-14T14:23:00.000Z
90,FREE,0.61,2026-06-15T10:30:00.000Z
90,OCCUPIED,1.28,2026-06-15T12:36:00.000Z
90,OCCUPIED,1.27,2026-06-16T18:41:00.000Z
90,OCCUPIED,1.35,2026-06-17T19:03:00.000Z
90,OCCUPIED,0.89,2026-06-18T11:54:00.000Z
90,OCCUPIED,0.55,2026-06-20T08:44:00.000Z
90,OCCUPIED,0.62,2026-06-20T09:23:00.000Z
90,FREE,0.52,2026-06-21T19:38:00.000Z
90,FREE,1.16,2026-06-22T18:36:00.000Z
90,FREE,0.51,2026-06-23T19:44:00.000Z
90,OCCUPIED,1.30,2026-06-23T20:21:00.000Z
90,FREE,1.16,2026-06-24T18:14:00.000Z
90,FREE,1.32,2026-06-27T10:06:00.000Z
90,FREE,0.54,2026-06-28T10:23:00.000Z
90,OCCUPIED,1.36,2026-06-29T16:12:00.000Z
90,OCCUPIED,1.46,2026-06-30T07:53:00.000Z
90,OCCUPIED,0.64,2026-07-01T11:30:00.000Z
90,FREE,1.37,2026-07-01T13:01:00.000Z
90,OCCUPIED,1.09,2026-07-04T18:48:00.000Z
90,OCCUPIED,1.40,2026-07-05T09:36:00.000Z
90,FREE,1.27,2026-07-06T11:46:00.000Z
90,FREE,1.17,2026-07-07T21:29:00.000Z
90,OCCUPIED,0.51,2026-07-09T16:38:00.000Z
90,OCCUPIED,0.87,2026-07-11T09:59:00.000Z
90,FREE,0.94,2026-07-12T13:25:00.000Z
90,OCCUPIED,1.33,2026-07-13T17:36:00.000Z
90,OCCUPIED,0.59,2026-07-14T12:58:00.000Z
90,OCCUPIED,1.32,2026-07-16T20:16:00.000Z
90,OCCUPIED,1.32,2026-07-18T11:38:00.000Z
90,FREE,0.89,2026-07-19T11:47:00.000Z
90,OCCUPIED,0.55,2026-07-20T10:35:00.000Z
90,OCCUPIED,1.10,2026-07-21T13:55:00.000Z
90,OCCUPIED,0.83,2026-07-22T10:08:00.000Z
90,FREE,1.29,2026-07-24T07:40:00.000Z
90,OCCUPIED,1.38,2026-07-25T11:35:00.000Z
90,OCCUPIED,0.78,2026-07-25T13:47:00.000Z
90,OCCUPIED,1.17,2026-07-26T19:52:00.000Z
91,OCCUPIED,0.70,2026-06-01T18:07:00.000Z
91,OCCUPIED,1.14,2026-06-03T19:30:00.000Z
91,OCCUPIED,0.53,2026-06-03T14:19:00.000Z
91,OCCUPIED,0.85,2026-06-05T13:30:00.000Z
91,OCCUPIED,1.41,2026-06-05T19:26:00.000Z
91,FREE,1.12,2026-06-07T13:56:00.000Z
91,OCCUPIED,0.95,2026-06-09T17:23:00.000Z
91,OCCUPIED,1.02,2026-06-09T16:28:00.000Z
91,OCCUPIED,1.07,2026-06-10T13:19:00.000Z
91,FREE,0.74,2026-06-15T17:36:00.000Z
91,OCCUPIED,1.17,2026-06-17T16:34:00.000Z
91,OCCUPIED,1.43,2026-06-17T09:31:00.000Z
91,OCCUPIED,0.91,2026-06-20T10:46:00.000Z
91,FREE,1.06,2026-06-21T10:34:00.000Z
91,FREE,1.28,2026-06-23T12:49:00.000Z
91,FREE,0.70,2026-06-24T10:26:00.000Z
91,OCCUPIED,0.63,2026-06-25T14:34:00.000Z
91,OCCUPIED,0.63,2026-06-27T12:10:00.000Z
91,FREE,1.06,2026-06-28T09:31:00.000Z
91,FREE,0.97,2026-06-30T14:22:00.000Z
91,FREE,0.54,2026-07-01T08:15:00.000Z
91,FREE,0.83,2026-07-04T15:34:00.000Z
91,FREE,0.90,2026-07-06T17:44:00.000Z
91,FREE,0.67,2026-07-07T17:15:00.000Z
91,OCCUPIED,1.37,2026-07-08T13:12:00.000Z
91,FREE,1.21,2026-07-09T16:46:00.000Z
91,FREE,0.86,2026-07-10T07:19:00.000Z
91,OCCUPIED,1.13,2026-07-12T12:33:00.000Z
91,FREE,1.05,2026-07-14T09:26:00.000Z
91,OCCUPIED,0.77,2026-07-15T11:39:00.000Z
91,FREE,0.51,2026-07-18T19:14:00.000Z
91,FREE,1.42,2026-07-19T11:28:00.000Z
91,OCCUPIED,1.18,2026-07-19T11:26:00.000Z
91,FREE,0.59,2026-07-21T11:22:00.000Z
91,FREE,0.60,2026-07-22T07:14:00.000Z
91,OCCUPIED,0.62,2026-07-24T19:07:00.000Z
91,OCCUPIED,0.85,2026-07-26T09:48:00.000Z
92,OCCUPIED,0.54,2026-06-01T19:48:00.000Z
92,OCCUPIED,0.90,2026-06-02T15:41:00.000Z
92,OCCUPIED,1.03,2026-06-03T18:51:00.000Z
92,OCCUPIED,1.33,2026-06-06T12:05:00.000Z
92,FREE,1.16,2026-06-07T19:22:00.000Z
92,OCCUPIED,1.26,2026-06-07T11:16:00.000Z
92,OCCUPIED,1.28,2026-06-08T13:52:00.000Z
92,OCCUPIED,1.33,2026-06-11T10:31:00.000Z
92,OCCUPIED,1.21,2026-06-12T13:56:00.000Z
92,OCCUPIED,1.21,2026-06-15T17:04:00.000Z
92,OCCUPIED,1.07,2026-06-18T12:28:00.000Z
92,OCCUPIED,0.80,2026-06-18T10:42:00.000Z
92,FREE,1.02,2026-06-19T16:24:00.000Z
92,OCCUPIED,1.03,2026-06-20T18:00:00.000Z
92,FREE,0.69,2026-06-21T11:32:00.000Z
92,OCCUPIED,0.70,2026-06-23T10:55:00.000Z
92,OCCUPIED,0.74,2026-06-25T09:35:00.000Z
92,OCCUPIED,1.41,2026-06-26T11:48:00.000Z
92,FREE,0.56,2026-06-27T21:34:00.000Z
92,OCCUPIED,0.85,2026-06-28T18:28:00.000Z
92,FREE,0.96,2026-06-29T07:30:00.000Z
92,OCCUPIED,1.31,2026-06-30T18:22:00.000Z
92,OCCUPIED,1.28,2026-07-01T13:46:00.000Z
92,OCCUPIED,1.16,2026-07-01T18:11:00.000Z
92,FREE,1.02,2026-07-02T15:30:00.000Z
92,FREE,1.12,2026-07-02T07:06:00.000Z
92,OCCUPIED,0.87,2026-07-04T11:27:00.000Z
92,OCCUPIED,0.78,2026-07-05T12:06:00.000Z
92,FREE,1.20,2026-07-06T10:37:00.000Z
92,OCCUPIED,1.36,2026-07-08T18:18:00.000Z
92,OCCUPIED,0.65,2026-07-09T10:23:00.000Z
92,FREE,1.08,2026-07-10T11:41:00.000Z
92,OCCUPIED,1.49,2026-07-11T09:28:00.000Z
92,FREE,0.99,2026-07-11T16:28:00.000Z
92,FREE,0.77,2026-07-12T17:13:00.000Z
92,FREE,0.80,2026-07-12T13:33:00.000Z
92,FREE,1.35,2026-07-14T19:40:00.000Z
92,FREE,1.10,2026-07-14T11:41:00.000Z
92,OCCUPIED,0.68,2026-07-17T13:41:00.000Z
92,OCCUPIED,1.39,2026-07-19T19:46:00.000Z
92,OCCUPIED,0.58,2026-07-21T09:39:00.000Z
92,FREE,1.07,2026-07-24T13:41:00.000Z
92,OCCUPIED,1.25,2026-07-24T12:03:00.000Z
92,OCCUPIED,0.86,2026-07-25T10:13:00.000Z
92,OCCUPIED,1.13,2026-07-26T14:50:00.000Z
93,FREE,0.73,2026-06-02T16:57:00.000Z
93,OCCUPIED,0.87,2026-06-03T17:25:00.000Z
93,FREE,0.54,2026-06-05T09:56:00.000Z
93,OCCUPIED,1.10,2026-06-06T11:23:00.000Z
93,OCCUPIED,0.81,2026-06-08T19:58:00.000Z
93,OCCUPIED,1.47,2026-06-09T11:34:00.000Z
93,OCCUPIED,1.11,2026-06-09T10:36:00.000Z
93,OCCUPIED,1.04,2026-06-11T10:45:00.000Z
93,OCCUPIED,1.43,2026-06-11T12:41:00.000Z
93,FREE,1.33,2026-06-12T08:04:00.000Z
93,OCCUPIED,1.06,2026-06-13T11:52:00.000Z
93,OCCUPIED,1.41,2026-06-13T11:03:00.000Z
93,OCCUPIED,0.96,2026-06-15T18:26:00.000Z
93,OCCUPIED,0.69,2026-06-15T13:48:00.000Z
93,OCCUPIED,1.38,2026-06-16T12:11:00.000Z
93,OCCUPIED,1.43,2026-06-17T12:31:00.000Z
93,OCCUPIED,0.93,2026-06-18T14:11:00.000Z
93,OCCUPIED,0.90,2026-06-19T18:30:00.000Z
93,FREE,0.56,2026-06-20T11:13:00.000Z
93,OCCUPIED,1.46,2026-06-25T19:01:00.000Z
93,OCCUPIED,0.99,2026-06-28T21:54:00.000Z
93,OCCUPIED,1.45,2026-06-30T08:31:00.000Z
93,FREE,0.93,2026-07-02T12:41:00.000Z
93,OCCUPIED,0.63,2026-07-03T10:42:00.000Z
93,OCCUPIED,1.50,2026-07-04T19:55:00.000Z
93,OCCUPIED,1.41,2026-07-05T17:38:00.000Z
93,OCCUPIED,0.68,2026-07-06T13:11:00.000Z
93,OCCUPIED,1.41,2026-07-07T11:59:00.000Z
93,OCCUPIED,0.71,2026-07-09T18:33:00.000Z
93,FREE,1.34,2026-07-10T09:36:00.000Z
93,FREE,0.94,2026-07-11T08:23:00.000Z
93,OCCUPIED,0.70,2026-07-12T08:37:00.000Z
93,FREE,0.92,2026-07-13T07:59:00.000Z
93,OCCUPIED,0.94,2026-07-14T15:14:00.000Z
93,OCCUPIED,1.02,2026-07-15T18:32:00.000Z
93,OCCUPIED,1.22,2026-07-16T13:53:00.000Z
93,FREE,0.60,2026-07-17T14:26:00.000Z
93,FREE,1.23,2026-07-18T18:28:00.000Z
93,OCCUPIED,1.18,2026-07-20T16:42:00.000Z
93,OCCUPIED,1.37,2026-07-22T09:05:00.000Z
93,OCCUPIED,1.34,2026-07-23T07:16:00.000Z
93,FREE,1.31,2026-07-24T21:33:00.000Z
93,FREE,0.81,2026-07-25T11:42:00.000Z
93,OCCUPIED,1.36,2026-07-26T17:33:00.000Z
94,FREE,0.95,2026-06-02T14:30:00.000Z
94,OCCUPIED,0.73,2026-06-03T09:31:00.000Z
94,OCCUPIED,0.59,2026-06-05T19:41:00.000Z
94,FREE,1.03,2026-06-07T12:03:00.000Z
94,FREE,0.90,2026-06-07T17:51:00.000Z
94,FREE,1.45,2026-06-08T13:21:00.000Z
94,FREE,0.50,2026-06-10T15:46:00.000Z
94,FREE,1.16,2026-06-11T16:56:00.000Z
94,OCCUPIED,1.31,2026-06-11T21:58:00.000Z
94,FREE,0.91,2026-06-12T20:11:00.000Z
94,OCCUPIED,1.47,2026-06-12T13:02:00.000Z
94,OCCUPIED,1.49,2026-06-14T10:06:00.000Z
94,OCCUPIED,1.13,2026-06-14T12:40:00.000Z
94,FREE,0.91,2026-06-15T18:48:00.000Z
94,OCCUPIED,1.47,2026-06-17T13:48:00.000Z
94,OCCUPIED,1.18,2026-06-18T18:45:00.000Z
94,FREE,1.26,2026-06-19T16:28:00.000Z
94,OCCUPIED,1.20,2026-06-20T11:40:00.000Z
94,FREE,0.60,2026-06-21T12:07:00.000Z
94,FREE,1.45,2026-06-22T19:32:00.000Z
94,FREE,0.55,2026-06-23T07:33:00.000Z
94,FREE,0.83,2026-06-24T08:36:00.000Z
94,OCCUPIED,0.84,2026-06-26T12:03:00.000Z
94,FREE,0.80,2026-06-27T10:23:00.000Z
94,FREE,0.58,2026-06-28T16:16:00.000Z
94,FREE,1.49,2026-06-29T18:22:00.000Z
94,FREE,1.11,2026-06-30T07:36:00.000Z
94,FREE,0.56,2026-07-01T19:50:00.000Z
94,OCCUPIED,0.66,2026-07-01T17:38:00.000Z
94,FREE,0.85,2026-07-03T11:31:00.000Z
94,OCCUPIED,0.54,2026-07-04T13:06:00.000Z
94,OCCUPIED,1.44,2026-07-05T14:19:00.000Z
94,FREE,1.03,2026-07-06T18:53:00.000Z
94,FREE,1.18,2026-07-08T13:24:00.000Z
94,OCCUPIED,0.86,2026-07-10T10:46:00.000Z
94,FREE,0.52,2026-07-10T22:57:00.000Z
94,FREE,1.41,2026-07-13T20:47:00.000Z
94,FREE,0.70,2026-07-13T11:48:00.000Z
94,OCCUPIED,0.60,2026-07-14T11:13:00.000Z
94,OCCUPIED,0.88,2026-07-15T12:18:00.000Z
94,FREE,1.46,2026-07-15T14:25:00.000Z
94,FREE,0.61,2026-07-16T11:30:00.000Z
94,FREE,1.20,2026-07-17T19:14:00.000Z
94,FREE,0.56,2026-07-18T14:45:00.000Z
94,FREE,1.46,2026-07-20T18:29:00.000Z
94,OCCUPIED,1.11,2026-07-22T18:34:00.000Z
94,OCCUPIED,1.04,2026-07-23T19:57:00.000Z
94,OCCUPIED,1.14,2026-07-24T11:58:00.000Z
94,FREE,0.65,2026-07-25T15:01:00.000Z
94,FREE,0.97,2026-07-26T08:32:00.000Z
95,OCCUPIED,1.49,2026-06-01T07:29:00.000Z
95,OCCUPIED,0.64,2026-06-02T17:17:00.000Z
95,FREE,0.58,2026-06-04T08:00:00.000Z
95,FREE,0.52,2026-06-05T14:55:00.000Z
95,FREE,0.82,2026-06-06T07:38:00.000Z
95,OCCUPIED,1.33,2026-06-07T09:25:00.000Z
95,OCCUPIED,0.80,2026-06-08T13:40:00.000Z
95,OCCUPIED,1.13,2026-06-09T16:27:00.000Z
95,FREE,1.13,2026-06-10T15:03:00.000Z
95,OCCUPIED,1.20,2026-06-11T13:36:00.000Z
95,FREE,0.69,2026-06-11T21:19:00.000Z
95,OCCUPIED,0.92,2026-06-12T12:36:00.000Z
95,FREE,1.07,2026-06-13T10:46:00.000Z
95,FREE,0.93,2026-06-14T19:33:00.000Z
95,FREE,0.78,2026-06-15T19:44:00.000Z
95,FREE,0.58,2026-06-15T16:39:00.000Z
95,FREE,1.49,2026-06-16T22:46:00.000Z
95,FREE,0.62,2026-06-17T17:22:00.000Z
95,OCCUPIED,0.60,2026-06-18T09:13:00.000Z
95,FREE,1.21,2026-06-22T20:31:00.000Z
95,FREE,1.32,2026-06-23T09:47:00.000Z
95,FREE,1.44,2026-06-24T07:02:00.000Z
95,OCCUPIED,1.40,2026-06-25T18:37:00.000Z
95,OCCUPIED,0.60,2026-06-25T11:13:00.000Z
95,FREE,1.43,2026-06-26T17:56:00.000Z
95,FREE,1.41,2026-06-27T17:12:00.000Z
95,OCCUPIED,1.23,2026-06-30T08:57:00.000Z
95,FREE,0.77,2026-07-01T07:41:00.000Z
95,OCCUPIED,1.19,2026-07-02T12:23:00.000Z
95,FREE,1.17,2026-07-03T10:24:00.000Z
95,FREE,1.33,2026-07-03T12:07:00.000Z
95,FREE,0.86,2026-07-05T16:36:00.000Z
95,OCCUPIED,0.61,2026-07-05T16:25:00.000Z
95,OCCUPIED,1.06,2026-07-06T10:19:00.000Z
95,FREE,1.09,2026-07-07T18:56:00.000Z
95,OCCUPIED,1.45,2026-07-08T13:25:00.000Z
95,OCCUPIED,0.65,2026-07-09T10:06:00.000Z
95,OCCUPIED,1.33,2026-07-13T11:45:00.000Z
95,FREE,1.38,2026-07-14T20:42:00.000Z
95,FREE,1.42,2026-07-16T16:24:00.000Z
95,FREE,1.00,2026-07-17T15:12:00.000Z
95,OCCUPIED,1.41,2026-07-18T10:12:00.000Z
95,OCCUPIED,0.57,2026-07-19T13:14:00.000Z
95,OCCUPIED,1.48,2026-07-20T12:09:00.000Z
95,OCCUPIED,0.97,2026-07-21T11:19:00.000Z
95,OCCUPIED,0.64,2026-07-24T22:30:00.000Z
95,FREE,0.59,2026-07-25T17:27:00.000Z
96,FREE,0.51,2026-06-01T19:31:00.000Z
96,OCCUPIED,1.46,2026-06-02T08:28:00.000Z
96,FREE,0.94,2026-06-03T07:36:00.000Z
96,OCCUPIED,1.39,2026-06-04T19:07:00.000Z
96,FREE,1.30,2026-06-04T19:28:00.000Z
96,OCCUPIED,0.58,2026-06-05T09:10:00.000Z
96,OCCUPIED,1.07,2026-06-06T16:50:00.000Z
96,FREE,1.33,2026-06-07T18:19:00.000Z
96,FREE,0.76,2026-06-08T16:10:00.000Z
96,OCCUPIED,0.97,2026-06-10T12:13:00.000Z
96,OCCUPIED,1.31,2026-06-11T09:42:00.000Z
96,FREE,0.75,2026-06-12T20:10:00.000Z
96,OCCUPIED,0.93,2026-06-13T09:44:00.000Z
96,OCCUPIED,1.25,2026-06-14T15:46:00.000Z
96,OCCUPIED,1.22,2026-06-15T09:37:00.000Z
96,OCCUPIED,1.24,2026-06-16T10:45:00.000Z
96,OCCUPIED,0.82,2026-06-19T12:20:00.000Z
96,FREE,0.53,2026-06-19T19:39:00.000Z
96,FREE,0.70,2026-06-23T16:25:00.000Z
96,OCCUPIED,0.77,2026-06-24T15:56:00.000Z
96,OCCUPIED,1.36,2026-06-25T17:57:00.000Z
96,FREE,1.10,2026-06-26T17:00:00.000Z
96,FREE,1.04,2026-06-27T14:28:00.000Z
96,FREE,1.12,2026-06-28T19:50:00.000Z
96,OCCUPIED,0.51,2026-06-29T11:38:00.000Z
96,OCCUPIED,0.90,2026-06-29T18:16:00.000Z
96,FREE,0.57,2026-06-30T19:03:00.000Z
96,OCCUPIED,1.46,2026-07-04T10:50:00.000Z
96,FREE,1.31,2026-07-05T09:52:00.000Z
96,FREE,0.64,2026-07-06T19:45:00.000Z
96,FREE,0.85,2026-07-10T22:44:00.000Z
96,OCCUPIED,0.96,2026-07-11T16:25:00.000Z
96,OCCUPIED,0.75,2026-07-12T14:53:00.000Z
96,FREE,1.08,2026-07-13T10:36:00.000Z
96,FREE,1.46,2026-07-13T08:14:00.000Z
96,OCCUPIED,1.40,2026-07-14T10:49:00.000Z
96,OCCUPIED,1.04,2026-07-15T18:18:00.000Z
96,FREE,1.44,2026-07-16T15:17:00.000Z
96,OCCUPIED,1.34,2026-07-17T12:22:00.000Z
96,FREE,0.56,2026-07-18T14:23:00.000Z
96,FREE,0.92,2026-07-21T10:49:00.000Z
96,OCCUPIED,1.45,2026-07-22T17:13:00.000Z
96,FREE,0.83,2026-07-25T19:30:00.000Z
96,OCCUPIED,1.29,2026-07-25T20:44:00.000Z
96,FREE,0.51,2026-07-26T18:44:00.000Z
97,OCCUPIED,0.87,2026-06-01T13:00:00.000Z
97,OCCUPIED,1.13,2026-06-03T19:24:00.000Z
97,OCCUPIED,1.32,2026-06-03T14:57:00.000Z
97,OCCUPIED,0.50,2026-06-05T20:33:00.000Z
97,OCCUPIED,1.45,2026-06-07T11:05:00.000Z
97,OCCUPIED,1.42,2026-06-09T17:29:00.000Z
97,OCCUPIED,0.87,2026-06-10T09:27:00.000Z
97,OCCUPIED,1.36,2026-06-12T13:07:00.000Z
97,FREE,1.35,2026-06-13T17:51:00.000Z
97,OCCUPIED,0.64,2026-06-14T09:27:00.000Z
97,OCCUPIED,0.89,2026-06-14T17:59:00.000Z
97,OCCUPIED,1.26,2026-06-17T16:05:00.000Z
97,FREE,1.04,2026-06-17T18:20:00.000Z
97,OCCUPIED,1.37,2026-06-18T16:18:00.000Z
97,OCCUPIED,1.27,2026-06-19T09:04:00.000Z
97,FREE,0.77,2026-06-21T15:12:00.000Z
97,OCCUPIED,0.85,2026-06-23T10:42:00.000Z
97,OCCUPIED,0.79,2026-06-24T16:03:00.000Z
97,OCCUPIED,0.76,2026-06-25T10:22:00.000Z
97,FREE,0.69,2026-06-28T15:42:00.000Z
97,OCCUPIED,0.61,2026-06-30T11:47:00.000Z
97,OCCUPIED,0.83,2026-07-01T14:05:00.000Z
97,OCCUPIED,1.22,2026-07-01T20:34:00.000Z
97,FREE,1.33,2026-07-02T16:03:00.000Z
97,OCCUPIED,1.33,2026-07-04T09:22:00.000Z
97,FREE,1.39,2026-07-05T13:50:00.000Z
97,OCCUPIED,0.63,2026-07-05T18:51:00.000Z
97,FREE,1.49,2026-07-06T08:30:00.000Z
97,OCCUPIED,1.34,2026-07-08T07:13:00.000Z
97,OCCUPIED,0.88,2026-07-09T19:19:00.000Z
97,OCCUPIED,0.99,2026-07-10T11:37:00.000Z
97,OCCUPIED,0.92,2026-07-11T10:06:00.000Z
97,OCCUPIED,0.83,2026-07-12T20:06:00.000Z
97,OCCUPIED,0.79,2026-07-14T19:33:00.000Z
97,OCCUPIED,1.33,2026-07-16T09:15:00.000Z
97,FREE,0.67,2026-07-17T15:44:00.000Z
97,OCCUPIED,0.69,2026-07-18T17:59:00.000Z
97,FREE,1.17,2026-07-19T13:25:00.000Z
97,OCCUPIED,0.82,2026-07-19T12:41:00.000Z
97,OCCUPIED,0.68,2026-07-20T19:18:00.000Z
97,OCCUPIED,0.64,2026-07-21T18:17:00.000Z
97,OCCUPIED,1.03,2026-07-24T19:58:00.000Z
97,OCCUPIED,1.48,2026-07-25T19:22:00.000Z
97,FREE,1.47,2026-07-25T15:58:00.000Z
98,FREE,0.55,2026-06-01T21:30:00.000Z
98,OCCUPIED,0.55,2026-06-03T12:13:00.000Z
98,OCCUPIED,1.19,2026-06-03T09:23:00.000Z
98,FREE,1.23,2026-06-04T12:41:00.000Z
98,FREE,1.16,2026-06-05T22:34:00.000Z
98,FREE,0.71,2026-06-07T17:41:00.000Z
98,OCCUPIED,0.77,2026-06-08T13:13:00.000Z
98,OCCUPIED,0.77,2026-06-09T10:27:00.000Z
98,FREE,0.74,2026-06-09T19:08:00.000Z
98,FREE,0.94,2026-06-11T12:29:00.000Z
98,FREE,1.09,2026-06-12T18:12:00.000Z
98,FREE,0.75,2026-06-13T10:55:00.000Z
98,FREE,1.13,2026-06-14T14:45:00.000Z
98,OCCUPIED,1.05,2026-06-15T09:17:00.000Z
98,OCCUPIED,0.58,2026-06-18T19:35:00.000Z
98,FREE,0.93,2026-06-18T16:58:00.000Z
98,OCCUPIED,0.90,2026-06-19T10:55:00.000Z
98,OCCUPIED,0.72,2026-06-20T07:09:00.000Z
98,OCCUPIED,0.75,2026-06-21T15:15:00.000Z
98,FREE,1.05,2026-06-21T18:41:00.000Z
98,OCCUPIED,1.06,2026-06-22T19:48:00.000Z
98,FREE,1.11,2026-06-23T09:51:00.000Z
98,FREE,0.71,2026-06-26T21:45:00.000Z
98,FREE,0.56,2026-06-27T15:21:00.000Z
98,OCCUPIED,0.96,2026-06-27T11:50:00.000Z
98,OCCUPIED,1.14,2026-06-28T09:45:00.000Z
98,FREE,0.77,2026-06-29T07:44:00.000Z
98,OCCUPIED,0.80,2026-07-01T15:49:00.000Z
98,FREE,0.66,2026-07-01T15:56:00.000Z
98,FREE,0.79,2026-07-02T12:36:00.000Z
98,FREE,1.33,2026-07-03T15:50:00.000Z
98,OCCUPIED,1.48,2026-07-03T11:15:00.000Z
98,OCCUPIED,1.40,2026-07-04T22:24:00.000Z
98,FREE,1.41,2026-07-04T12:00:00.000Z
98,FREE,0.67,2026-07-05T18:17:00.000Z
98,FREE,1.28,2026-07-07T20:17:00.000Z
98,FREE,0.72,2026-07-09T21:48:00.000Z
98,OCCUPIED,0.82,2026-07-11T10:31:00.000Z
98,OCCUPIED,1.14,2026-07-12T10:41:00.000Z
98,OCCUPIED,0.54,2026-07-15T11:43:00.000Z
98,FREE,0.96,2026-07-15T11:05:00.000Z
98,OCCUPIED,0.63,2026-07-19T19:27:00.000Z
98,OCCUPIED,1.12,2026-07-21T19:03:00.000Z
98,OCCUPIED,1.33,2026-07-23T14:32:00.000Z
98,FREE,0.81,2026-07-25T22:47:00.000Z
99,OCCUPIED,0.96,2026-06-01T09:13:00.000Z
99,OCCUPIED,0.66,2026-06-03T19:55:00.000Z
99,FREE,0.57,2026-06-04T12:27:00.000Z
99,FREE,0.93,2026-06-05T19:28:00.000Z
99,OCCUPIED,0.72,2026-06-06T10:10:00.000Z
99,FREE,0.98,2026-06-07T17:41:00.000Z
99,OCCUPIED,0.71,2026-06-08T12:34:00.000Z
99,OCCUPIED,0.67,2026-06-09T19:35:00.000Z
99,FREE,0.55,2026-06-10T09:18:00.000Z
99,FREE,1.19,2026-06-11T10:34:00.000Z
99,OCCUPIED,0.70,2026-06-12T11:09:00.000Z
99,FREE,1.07,2026-06-13T10:04:00.000Z
99,FREE,0.75,2026-06-14T08:11:00.000Z
99,OCCUPIED,1.02,2026-06-15T17:28:00.000Z
99,FREE,1.04,2026-06-15T10:48:00.000Z
99,FREE,0.87,2026-06-17T15:32:00.000Z
99,FREE,1.25,2026-06-17T07:11:00.000Z
99,FREE,0.68,2026-06-18T18:59:00.000Z
99,OCCUPIED,0.67,2026-06-19T19:17:00.000Z
99,OCCUPIED,1.10,2026-06-20T11:07:00.000Z
99,OCCUPIED,1.35,2026-06-20T13:46:00.000Z
99,OCCUPIED,1.32,2026-06-22T14:57:00.000Z
99,OCCUPIED,0.96,2026-06-22T13:59:00.000Z
99,OCCUPIED,0.69,2026-06-24T10:49:00.000Z
99,OCCUPIED,1.09,2026-06-24T11:25:00.000Z
99,OCCUPIED,1.12,2026-06-25T19:11:00.000Z
99,OCCUPIED,1.12,2026-06-27T22:56:00.000Z
99,FREE,1.09,2026-06-27T19:18:00.000Z
99,OCCUPIED,0.76,2026-06-28T14:18:00.000Z
99,OCCUPIED,0.61,2026-06-30T10:59:00.000Z
99,OCCUPIED,1.03,2026-07-01T11:28:00.000Z
99,OCCUPIED,0.64,2026-07-02T15:06:00.000Z
99,FREE,1.24,2026-07-03T12:21:00.000Z
99,FREE,1.29,2026-07-06T12:38:00.000Z
99,OCCUPIED,0.50,2026-07-07T17:32:00.000Z
99,FREE,1.24,2026-07-08T07:28:00.000Z
99,FREE,0.78,2026-07-09T22:37:00.000Z
99,FREE,1.26,2026-07-12T18:21:00.000Z
99,FREE,0.81,2026-07-12T13:37:00.000Z
99,OCCUPIED,0.61,2026-07-13T18:15:00.000Z
99,FREE,1.14,2026-07-14T18:14:00.000Z
99,FREE,1.48,2026-07-16T20:55:00.000Z
99,FREE,1.23,2026-07-18T18:27:00.000Z
99,OCCUPIED,0.72,2026-07-19T14:31:00.000Z
99,OCCUPIED,1.49,2026-07-20T13:31:00.000Z
99,OCCUPIED,1.37,2026-07-21T13:55:00.000Z
99,OCCUPIED,1.05,2026-07-21T19:23:00.000Z
99,OCCUPIED,0.74,2026-07-22T10:50:00.000Z
99,OCCUPIED,0.83,2026-07-23T13:37:00.000Z
99,OCCUPIED,0.90,2026-07-23T13:27:00.000Z
99,OCCUPIED,1.15,2026-07-24T07:55:00.000Z
100,FREE,1.17,2026-06-01T22:37:00.000Z
100,FREE,0.60,2026-06-02T09:39:00.000Z
100,OCCUPIED,1.25,2026-06-04T21:15:00.000Z
100,OCCUPIED,0.78,2026-06-05T11:30:00.000Z
100,OCCUPIED,0.87,2026-06-06T11:27:00.000Z
100,OCCUPIED,0.51,2026-06-07T12:15:00.000Z
100,OCCUPIED,1.05,2026-06-10T10:55:00.000Z
100,OCCUPIED,1.33,2026-06-11T18:03:00.000Z
100,OCCUPIED,1.19,2026-06-14T10:34:00.000Z
100,FREE,0.62,2026-06-15T11:38:00.000Z
100,OCCUPIED,1.35,2026-06-16T10:15:00.000Z
100,OCCUPIED,0.71,2026-06-18T13:34:00.000Z
100,OCCUPIED,0.99,2026-06-19T19:12:00.000Z
100,OCCUPIED,1.46,2026-06-20T18:35:00.000Z
100,FREE,1.02,2026-06-21T08:48:00.000Z
100,OCCUPIED,0.61,2026-06-22T12:25:00.000Z
100,FREE,0.93,2026-06-24T19:16:00.000Z
100,OCCUPIED,1.05,2026-06-24T14:56:00.000Z
100,OCCUPIED,1.14,2026-06-25T19:27:00.000Z
100,OCCUPIED,1.12,2026-06-27T14:05:00.000Z
100,OCCUPIED,0.94,2026-06-28T17:58:00.000Z
100,OCCUPIED,0.78,2026-06-28T09:45:00.000Z
100,FREE,0.95,2026-06-29T15:01:00.000Z
100,FREE,0.65,2026-06-30T07:59:00.000Z
100,OCCUPIED,0.58,2026-07-02T13:03:00.000Z
100,OCCUPIED,0.74,2026-07-03T18:06:00.000Z
100,OCCUPIED,0.87,2026-07-05T11:39:00.000Z
100,OCCUPIED,0.55,2026-07-07T18:30:00.000Z
100,OCCUPIED,0.90,2026-07-09T10:31:00.000Z
100,OCCUPIED,1.15,2026-07-11T18:57:00.000Z
100,OCCUPIED,0.56,2026-07-11T13:47:00.000Z
100,FREE,1.37,2026-07-13T11:42:00.000Z
100,OCCUPIED,0.90,2026-07-13T15:04:00.000Z
100,OCCUPIED,1.18,2026-07-14T11:39:00.000Z
100,FREE,1.02,2026-07-15T16:58:00.000Z
100,OCCUPIED,1.05,2026-07-16T09:50:00.000Z
100,FREE,1.21,2026-07-18T14:39:00.000Z
100,OCCUPIED,0.81,2026-07-19T18:15:00.000Z
100,FREE,1.40,2026-07-19T09:33:00.000Z
100,FREE,1.38,2026-07-23T21:25:00.000Z
100,OCCUPIED,0.57,2026-07-24T10:58:00.000Z
100,OCCUPIED,0.73,2026-07-24T13:59:00.000Z
100,OCCUPIED,1.41,2026-07-25T10:15:00.000Z
100,FREE,0.57,2026-07-26T20:53:00.000Z
101,FREE,0.66,2026-06-01T14:26:00.000Z
101,OCCUPIED,0.77,2026-06-04T13:58:00.000Z
101,OCCUPIED,0.72,2026-06-05T09:06:00.000Z
101,OCCUPIED,0.60,2026-06-06T15:01:00.000Z
101,FREE,0.62,2026-06-07T10:38:00.000Z
101,FREE,1.19,2026-06-10T15:14:00.000Z
101,OCCUPIED,0.53,2026-06-11T19:49:00.000Z
101,OCCUPIED,1.36,2026-06-11T10:23:00.000Z
101,OCCUPIED,0.56,2026-06-12T09:09:00.000Z
101,FREE,0.59,2026-06-12T16:35:00.000Z
101,OCCUPIED,0.53,2026-06-13T12:32:00.000Z
101,OCCUPIED,1.00,2026-06-14T13:32:00.000Z
101,OCCUPIED,1.38,2026-06-15T12:33:00.000Z
101,FREE,0.60,2026-06-17T08:25:00.000Z
101,FREE,0.74,2026-06-21T21:29:00.000Z
101,FREE,1.27,2026-06-21T11:13:00.000Z
101,FREE,0.81,2026-06-27T10:54:00.000Z
101,FREE,1.06,2026-06-27T08:00:00.000Z
101,OCCUPIED,0.76,2026-06-30T12:55:00.000Z
101,OCCUPIED,1.22,2026-07-03T10:55:00.000Z
101,OCCUPIED,0.99,2026-07-05T09:36:00.000Z
101,OCCUPIED,0.67,2026-07-06T17:25:00.000Z
101,OCCUPIED,1.21,2026-07-07T08:26:00.000Z
101,OCCUPIED,1.19,2026-07-07T12:50:00.000Z
101,OCCUPIED,0.53,2026-07-08T12:26:00.000Z
101,OCCUPIED,0.72,2026-07-09T19:11:00.000Z
101,OCCUPIED,0.63,2026-07-09T15:10:00.000Z
101,OCCUPIED,1.27,2026-07-10T11:52:00.000Z
101,OCCUPIED,0.78,2026-07-12T10:59:00.000Z
101,OCCUPIED,0.98,2026-07-13T07:42:00.000Z
101,OCCUPIED,1.31,2026-07-15T22:03:00.000Z
101,FREE,1.42,2026-07-15T11:45:00.000Z
101,OCCUPIED,1.49,2026-07-16T11:59:00.000Z
101,FREE,0.90,2026-07-17T07:22:00.000Z
101,OCCUPIED,1.22,2026-07-17T13:03:00.000Z
101,FREE,1.27,2026-07-18T19:52:00.000Z
101,FREE,1.12,2026-07-18T17:20:00.000Z
101,FREE,0.76,2026-07-19T13:03:00.000Z
101,OCCUPIED,1.29,2026-07-20T17:25:00.000Z
101,FREE,1.05,2026-07-21T18:10:00.000Z
101,OCCUPIED,1.46,2026-07-22T12:59:00.000Z
101,OCCUPIED,1.02,2026-07-23T13:13:00.000Z
101,OCCUPIED,1.12,2026-07-25T17:57:00.000Z
101,OCCUPIED,0.91,2026-07-25T11:22:00.000Z
101,FREE,1.08,2026-07-26T13:29:00.000Z
102,OCCUPIED,1.10,2026-06-01T19:14:00.000Z
102,OCCUPIED,1.20,2026-06-02T16:16:00.000Z
102,FREE,1.22,2026-06-03T13:22:00.000Z
102,OCCUPIED,1.12,2026-06-03T10:28:00.000Z
102,OCCUPIED,1.29,2026-06-05T10:52:00.000Z
102,FREE,0.99,2026-06-06T09:30:00.000Z
102,FREE,1.15,2026-06-08T11:27:00.000Z
102,OCCUPIED,0.81,2026-06-09T09:13:00.000Z
102,OCCUPIED,0.90,2026-06-10T09:01:00.000Z
102,OCCUPIED,0.60,2026-06-10T07:03:00.000Z
102,OCCUPIED,0.99,2026-06-11T09:28:00.000Z
102,FREE,1.22,2026-06-11T08:38:00.000Z
102,OCCUPIED,0.78,2026-06-12T22:43:00.000Z
102,FREE,0.92,2026-06-12T07:45:00.000Z
102,FREE,1.29,2026-06-14T19:08:00.000Z
102,OCCUPIED,0.56,2026-06-15T11:42:00.000Z
102,OCCUPIED,0.76,2026-06-17T11:50:00.000Z
102,OCCUPIED,1.43,2026-06-17T18:54:00.000Z
102,OCCUPIED,0.91,2026-06-18T16:17:00.000Z
102,OCCUPIED,0.66,2026-06-19T19:40:00.000Z
102,FREE,0.77,2026-06-20T14:37:00.000Z
102,OCCUPIED,0.70,2026-06-21T19:45:00.000Z
102,FREE,1.15,2026-06-25T14:23:00.000Z
102,OCCUPIED,0.91,2026-06-26T19:24:00.000Z
102,FREE,1.36,2026-06-26T22:51:00.000Z
102,OCCUPIED,1.29,2026-06-29T21:24:00.000Z
102,FREE,1.32,2026-06-30T09:18:00.000Z
102,OCCUPIED,1.26,2026-07-03T12:37:00.000Z
102,OCCUPIED,1.04,2026-07-04T19:59:00.000Z
102,FREE,1.02,2026-07-05T09:11:00.000Z
102,OCCUPIED,0.72,2026-07-06T13:48:00.000Z
102,FREE,0.73,2026-07-09T11:13:00.000Z
102,OCCUPIED,0.51,2026-07-10T17:06:00.000Z
102,OCCUPIED,0.75,2026-07-10T11:49:00.000Z
102,OCCUPIED,0.64,2026-07-11T11:49:00.000Z
102,FREE,0.81,2026-07-12T18:27:00.000Z
102,FREE,0.76,2026-07-12T14:17:00.000Z
102,FREE,0.82,2026-07-13T22:34:00.000Z
102,FREE,1.30,2026-07-14T14:57:00.000Z
102,FREE,1.45,2026-07-14T21:17:00.000Z
102,FREE,1.45,2026-07-15T11:13:00.000Z
102,FREE,1.41,2026-07-16T07:11:00.000Z
102,OCCUPIED,0.69,2026-07-18T15:57:00.000Z
102,FREE,0.77,2026-07-20T21:47:00.000Z
102,OCCUPIED,0.57,2026-07-21T13:04:00.000Z
102,OCCUPIED,0.51,2026-07-22T17:52:00.000Z
102,OCCUPIED,1.08,2026-07-23T12:03:00.000Z
102,FREE,1.28,2026-07-25T12:04:00.000Z
102,OCCUPIED,0.69,2026-07-26T08:22:00.000Z
103,OCCUPIED,0.69,2026-06-01T09:23:00.000Z
103,OCCUPIED,0.58,2026-06-01T12:00:00.000Z
103,OCCUPIED,0.55,2026-06-02T18:11:00.000Z
103,OCCUPIED,1.30,2026-06-02T19:04:00.000Z
103,FREE,0.52,2026-06-05T15:36:00.000Z
103,OCCUPIED,1.30,2026-06-05T11:39:00.000Z
103,FREE,0.92,2026-06-06T19:02:00.000Z
103,OCCUPIED,1.08,2026-06-08T18:49:00.000Z
103,FREE,1.28,2026-06-09T15:57:00.000Z
103,OCCUPIED,1.23,2026-06-10T17:01:00.000Z
103,FREE,0.87,2026-06-14T21:40:00.000Z
103,OCCUPIED,0.84,2026-06-15T19:16:00.000Z
103,FREE,0.51,2026-06-15T08:53:00.000Z
103,OCCUPIED,0.83,2026-06-17T15:12:00.000Z
103,OCCUPIED,0.96,2026-06-19T11:16:00.000Z
103,OCCUPIED,1.06,2026-06-20T11:00:00.000Z
103,OCCUPIED,1.38,2026-06-21T14:34:00.000Z
103,FREE,1.10,2026-06-23T18:17:00.000Z
103,FREE,1.11,2026-06-24T15:41:00.000Z
103,OCCUPIED,1.16,2026-06-26T19:24:00.000Z
103,FREE,0.73,2026-06-27T16:47:00.000Z
103,OCCUPIED,1.02,2026-06-28T22:31:00.000Z
103,OCCUPIED,1.16,2026-06-30T19:17:00.000Z
103,OCCUPIED,1.02,2026-07-01T12:15:00.000Z
103,FREE,0.65,2026-07-03T22:28:00.000Z
103,FREE,0.66,2026-07-04T20:15:00.000Z
103,OCCUPIED,1.28,2026-07-05T11:21:00.000Z
103,FREE,0.61,2026-07-07T07:38:00.000Z
103,OCCUPIED,1.45,2026-07-11T22:50:00.000Z
103,OCCUPIED,0.85,2026-07-13T10:44:00.000Z
103,OCCUPIED,1.10,2026-07-16T12:15:00.000Z
103,FREE,0.83,2026-07-16T14:25:00.000Z
103,OCCUPIED,0.75,2026-07-17T18:07:00.000Z
103,OCCUPIED,1.07,2026-07-18T15:19:00.000Z
103,FREE,1.01,2026-07-19T10:23:00.000Z
103,OCCUPIED,0.99,2026-07-20T10:45:00.000Z
103,FREE,1.04,2026-07-22T07:46:00.000Z
103,FREE,1.40,2026-07-23T13:47:00.000Z
103,OCCUPIED,1.19,2026-07-25T12:03:00.000Z
103,OCCUPIED,1.40,2026-07-26T13:53:00.000Z
104,OCCUPIED,0.99,2026-06-01T14:41:00.000Z
104,OCCUPIED,1.26,2026-06-01T13:35:00.000Z
104,OCCUPIED,1.48,2026-06-02T14:19:00.000Z
104,OCCUPIED,1.50,2026-06-03T14:28:00.000Z
104,FREE,0.96,2026-06-03T14:50:00.000Z
104,OCCUPIED,1.00,2026-06-04T10:23:00.000Z
104,OCCUPIED,1.06,2026-06-05T07:00:00.000Z
104,OCCUPIED,0.67,2026-06-06T13:56:00.000Z
104,FREE,0.70,2026-06-07T18:08:00.000Z
104,OCCUPIED,1.07,2026-06-08T14:24:00.000Z
104,FREE,0.65,2026-06-09T17:09:00.000Z
104,OCCUPIED,1.42,2026-06-09T10:15:00.000Z
104,OCCUPIED,0.90,2026-06-10T11:33:00.000Z
104,FREE,1.27,2026-06-11T08:40:00.000Z
104,FREE,0.90,2026-06-12T08:17:00.000Z
104,OCCUPIED,0.64,2026-06-15T18:13:00.000Z
104,FREE,0.89,2026-06-16T13:22:00.000Z
104,OCCUPIED,1.03,2026-06-17T18:13:00.000Z
104,OCCUPIED,0.65,2026-06-17T13:47:00.000Z
104,OCCUPIED,1.02,2026-06-18T09:52:00.000Z
104,FREE,1.12,2026-06-19T08:33:00.000Z
104,OCCUPIED,0.98,2026-06-25T12:00:00.000Z
104,OCCUPIED,0.56,2026-06-26T13:50:00.000Z
104,OCCUPIED,0.97,2026-06-28T16:16:00.000Z
104,FREE,0.65,2026-06-29T07:15:00.000Z
104,OCCUPIED,0.85,2026-07-01T13:27:00.000Z
104,OCCUPIED,0.92,2026-07-03T09:36:00.000Z
104,OCCUPIED,1.34,2026-07-03T15:16:00.000Z
104,OCCUPIED,1.43,2026-07-06T15:29:00.000Z
104,OCCUPIED,1.16,2026-07-07T18:55:00.000Z
104,OCCUPIED,1.07,2026-07-10T13:16:00.000Z
104,FREE,0.56,2026-07-12T09:42:00.000Z
104,OCCUPIED,0.89,2026-07-14T17:35:00.000Z
104,FREE,1.16,2026-07-14T10:41:00.000Z
104,OCCUPIED,1.41,2026-07-15T18:11:00.000Z
104,OCCUPIED,0.50,2026-07-18T18:53:00.000Z
104,FREE,0.97,2026-07-19T20:02:00.000Z
104,OCCUPIED,1.47,2026-07-21T11:50:00.000Z
104,FREE,0.54,2026-07-22T11:50:00.000Z
104,OCCUPIED,1.45,2026-07-23T16:45:00.000Z
104,OCCUPIED,0.59,2026-07-24T07:25:00.000Z
104,OCCUPIED,1.03,2026-07-26T13:20:00.000Z
104,FREE,1.23,2026-07-26T12:48:00.000Z
105,FREE,0.91,2026-06-01T11:33:00.000Z
105,OCCUPIED,1.28,2026-06-02T11:52:00.000Z
105,OCCUPIED,0.88,2026-06-03T18:47:00.000Z
105,FREE,0.67,2026-06-06T13:36:00.000Z
105,OCCUPIED,0.74,2026-06-08T17:46:00.000Z
105,FREE,1.26,2026-06-09T16:14:00.000Z
105,OCCUPIED,1.42,2026-06-11T13:36:00.000Z
105,FREE,0.73,2026-06-11T10:09:00.000Z
105,FREE,0.92,2026-06-13T18:32:00.000Z
105,FREE,0.72,2026-06-14T15:31:00.000Z
105,FREE,1.08,2026-06-18T10:49:00.000Z
105,OCCUPIED,0.82,2026-06-20T09:04:00.000Z
105,OCCUPIED,1.00,2026-06-23T09:24:00.000Z
105,FREE,1.06,2026-06-24T10:31:00.000Z
105,FREE,1.35,2026-06-25T18:02:00.000Z
105,OCCUPIED,1.12,2026-06-26T21:07:00.000Z
105,FREE,1.47,2026-06-27T17:50:00.000Z
105,OCCUPIED,0.82,2026-06-28T17:45:00.000Z
105,FREE,0.51,2026-06-29T12:40:00.000Z
105,OCCUPIED,1.04,2026-06-30T09:09:00.000Z
105,OCCUPIED,1.26,2026-07-07T17:53:00.000Z
105,FREE,1.36,2026-07-08T13:03:00.000Z
105,OCCUPIED,0.84,2026-07-10T19:16:00.000Z
105,OCCUPIED,1.40,2026-07-10T22:15:00.000Z
105,FREE,0.89,2026-07-12T19:49:00.000Z
105,OCCUPIED,1.40,2026-07-13T10:00:00.000Z
105,OCCUPIED,1.11,2026-07-14T12:24:00.000Z
105,OCCUPIED,1.23,2026-07-16T18:15:00.000Z
105,OCCUPIED,0.89,2026-07-17T09:49:00.000Z
105,OCCUPIED,0.86,2026-07-18T13:04:00.000Z
105,OCCUPIED,1.10,2026-07-19T09:30:00.000Z
105,OCCUPIED,0.99,2026-07-20T13:27:00.000Z
105,OCCUPIED,1.08,2026-07-22T22:28:00.000Z
105,OCCUPIED,1.05,2026-07-23T09:51:00.000Z
105,OCCUPIED,1.28,2026-07-25T17:10:00.000Z
105,OCCUPIED,0.53,2026-07-25T11:18:00.000Z
105,FREE,0.73,2026-07-26T12:41:00.000Z
105,FREE,0.64,2026-07-26T11:19:00.000Z
106,OCCUPIED,1.36,2026-06-03T13:24:00.000Z
106,FREE,1.30,2026-06-07T14:44:00.000Z
106,FREE,1.42,2026-06-09T11:27:00.000Z
106,OCCUPIED,0.91,2026-06-11T17:55:00.000Z
106,OCCUPIED,0.75,2026-06-11T18:23:00.000Z
106,OCCUPIED,1.28,2026-06-12T17:04:00.000Z
106,OCCUPIED,0.58,2026-06-13T22:54:00.000Z
106,OCCUPIED,0.98,2026-06-15T20:41:00.000Z
106,OCCUPIED,1.46,2026-06-15T07:19:00.000Z
106,FREE,0.61,2026-06-17T08:46:00.000Z
106,OCCUPIED,0.92,2026-06-19T13:47:00.000Z
106,FREE,1.19,2026-06-19T12:38:00.000Z
106,OCCUPIED,0.92,2026-06-22T08:36:00.000Z
106,OCCUPIED,0.66,2026-06-22T10:03:00.000Z
106,FREE,0.51,2026-06-23T18:44:00.000Z
106,FREE,0.99,2026-06-23T09:05:00.000Z
106,OCCUPIED,0.53,2026-06-24T08:07:00.000Z
106,OCCUPIED,1.15,2026-06-30T13:33:00.000Z
106,OCCUPIED,1.42,2026-07-02T19:03:00.000Z
106,FREE,0.51,2026-07-03T14:15:00.000Z
106,FREE,0.92,2026-07-05T10:04:00.000Z
106,FREE,1.46,2026-07-06T17:42:00.000Z
106,FREE,0.57,2026-07-07T09:21:00.000Z
106,FREE,0.61,2026-07-13T16:43:00.000Z
106,FREE,1.31,2026-07-13T17:05:00.000Z
106,OCCUPIED,1.27,2026-07-14T12:52:00.000Z
106,OCCUPIED,1.29,2026-07-14T11:46:00.000Z
106,OCCUPIED,0.94,2026-07-15T19:28:00.000Z
106,OCCUPIED,0.70,2026-07-17T17:01:00.000Z
106,OCCUPIED,0.83,2026-07-19T15:33:00.000Z
106,OCCUPIED,1.30,2026-07-20T11:34:00.000Z
106,OCCUPIED,1.03,2026-07-20T12:05:00.000Z
106,OCCUPIED,0.73,2026-07-21T13:50:00.000Z
106,FREE,1.26,2026-07-24T09:50:00.000Z
106,OCCUPIED,0.60,2026-07-25T16:55:00.000Z
106,OCCUPIED,0.87,2026-07-25T22:50:00.000Z
106,FREE,1.33,2026-07-26T13:13:00.000Z
106,FREE,0.92,2026-07-26T17:23:00.000Z
107,OCCUPIED,0.96,2026-06-06T19:30:00.000Z
107,OCCUPIED,0.51,2026-06-06T09:04:00.000Z
107,FREE,1.28,2026-06-07T10:08:00.000Z
107,FREE,0.90,2026-06-11T08:31:00.000Z
107,OCCUPIED,1.07,2026-06-12T19:01:00.000Z
107,FREE,1.09,2026-06-14T17:51:00.000Z
107,FREE,0.73,2026-06-15T15:30:00.000Z
107,OCCUPIED,1.49,2026-06-16T12:08:00.000Z
107,FREE,1.02,2026-06-17T22:38:00.000Z
107,FREE,1.32,2026-06-18T07:50:00.000Z
107,OCCUPIED,1.21,2026-06-18T11:29:00.000Z
107,FREE,0.80,2026-06-19T18:48:00.000Z
107,FREE,0.96,2026-06-20T08:52:00.000Z
107,OCCUPIED,0.72,2026-06-20T12:20:00.000Z
107,OCCUPIED,1.49,2026-06-21T09:36:00.000Z
107,OCCUPIED,0.56,2026-06-22T11:06:00.000Z
107,OCCUPIED,1.47,2026-06-23T09:55:00.000Z
107,FREE,0.96,2026-06-24T10:12:00.000Z
107,OCCUPIED,0.76,2026-06-25T08:17:00.000Z
107,FREE,1.36,2026-06-26T16:26:00.000Z
107,FREE,1.00,2026-06-27T08:31:00.000Z
107,OCCUPIED,0.88,2026-06-28T09:15:00.000Z
107,FREE,1.49,2026-06-28T21:31:00.000Z
107,OCCUPIED,0.65,2026-06-29T18:26:00.000Z
107,OCCUPIED,0.93,2026-07-01T17:09:00.000Z
107,FREE,0.51,2026-07-02T08:48:00.000Z
107,FREE,0.56,2026-07-03T11:41:00.000Z
107,FREE,1.42,2026-07-03T13:47:00.000Z
107,OCCUPIED,1.24,2026-07-05T13:28:00.000Z
107,FREE,1.25,2026-07-06T20:26:00.000Z
107,FREE,0.66,2026-07-07T10:29:00.000Z
107,FREE,0.81,2026-07-08T17:18:00.000Z
107,OCCUPIED,0.59,2026-07-09T09:17:00.000Z
107,OCCUPIED,0.85,2026-07-10T09:51:00.000Z
107,FREE,1.00,2026-07-11T19:18:00.000Z
107,FREE,1.14,2026-07-15T19:48:00.000Z
107,FREE,0.78,2026-07-16T16:52:00.000Z
107,FREE,0.98,2026-07-16T11:50:00.000Z
107,OCCUPIED,1.24,2026-07-17T11:29:00.000Z
107,OCCUPIED,0.78,2026-07-17T10:47:00.000Z
107,FREE,0.59,2026-07-20T14:44:00.000Z
107,OCCUPIED,0.65,2026-07-22T10:36:00.000Z
107,OCCUPIED,0.74,2026-07-23T10:36:00.000Z
107,OCCUPIED,1.32,2026-07-25T16:33:00.000Z
108,FREE,0.96,2026-06-01T12:56:00.000Z
108,OCCUPIED,1.43,2026-06-02T17:16:00.000Z
108,FREE,1.48,2026-06-02T11:48:00.000Z
108,OCCUPIED,0.78,2026-06-04T17:28:00.000Z
108,OCCUPIED,1.00,2026-06-05T14:01:00.000Z
108,OCCUPIED,0.70,2026-06-05T09:43:00.000Z
108,OCCUPIED,0.59,2026-06-07T09:49:00.000Z
108,OCCUPIED,1.37,2026-06-07T07:49:00.000Z
108,OCCUPIED,0.95,2026-06-08T12:26:00.000Z
108,OCCUPIED,1.00,2026-06-09T11:33:00.000Z
108,OCCUPIED,0.51,2026-06-10T18:54:00.000Z
108,OCCUPIED,1.26,2026-06-11T10:21:00.000Z
108,FREE,0.70,2026-06-12T18:16:00.000Z
108,OCCUPIED,1.17,2026-06-15T09:27:00.000Z
108,OCCUPIED,1.32,2026-06-16T09:32:00.000Z
108,OCCUPIED,1.44,2026-06-18T12:55:00.000Z
108,OCCUPIED,1.04,2026-06-19T10:55:00.000Z
108,OCCUPIED,0.58,2026-06-20T19:06:00.000Z
108,OCCUPIED,0.68,2026-06-22T18:54:00.000Z
108,FREE,0.73,2026-06-23T19:01:00.000Z
108,FREE,0.59,2026-06-24T14:44:00.000Z
108,FREE,0.82,2026-06-25T13:10:00.000Z
108,OCCUPIED,1.23,2026-06-25T09:24:00.000Z
108,OCCUPIED,0.63,2026-06-26T16:35:00.000Z
108,OCCUPIED,1.33,2026-06-26T12:04:00.000Z
108,FREE,1.25,2026-06-28T12:41:00.000Z
108,FREE,1.03,2026-06-29T15:02:00.000Z
108,OCCUPIED,1.17,2026-07-01T13:32:00.000Z
108,FREE,1.27,2026-07-02T10:53:00.000Z
108,FREE,0.73,2026-07-03T18:43:00.000Z
108,OCCUPIED,1.09,2026-07-04T19:46:00.000Z
108,OCCUPIED,0.51,2026-07-06T19:41:00.000Z
108,FREE,0.78,2026-07-07T11:41:00.000Z
108,OCCUPIED,1.28,2026-07-08T18:24:00.000Z
108,FREE,1.40,2026-07-09T15:53:00.000Z
108,FREE,1.29,2026-07-10T16:50:00.000Z
108,OCCUPIED,0.94,2026-07-11T10:46:00.000Z
108,OCCUPIED,0.68,2026-07-11T14:03:00.000Z
108,OCCUPIED,1.42,2026-07-13T13:43:00.000Z
108,FREE,0.99,2026-07-13T12:08:00.000Z
108,OCCUPIED,1.47,2026-07-14T18:56:00.000Z
108,OCCUPIED,0.73,2026-07-17T11:10:00.000Z
108,FREE,0.67,2026-07-19T16:49:00.000Z
108,OCCUPIED,1.29,2026-07-21T11:49:00.000Z
108,OCCUPIED,0.99,2026-07-22T10:34:00.000Z
108,OCCUPIED,0.86,2026-07-24T14:36:00.000Z
108,OCCUPIED,1.17,2026-07-25T13:42:00.000Z
108,FREE,0.61,2026-07-26T18:25:00.000Z
109,OCCUPIED,0.56,2026-06-02T13:42:00.000Z
109,FREE,0.95,2026-06-04T10:18:00.000Z
109,FREE,1.32,2026-06-07T18:30:00.000Z
109,OCCUPIED,1.47,2026-06-10T16:40:00.000Z
109,OCCUPIED,0.89,2026-06-13T11:50:00.000Z
109,FREE,1.46,2026-06-14T08:35:00.000Z
109,OCCUPIED,0.51,2026-06-16T09:53:00.000Z
109,OCCUPIED,0.96,2026-06-17T12:12:00.000Z
109,OCCUPIED,0.73,2026-06-20T12:41:00.000Z
109,FREE,1.50,2026-06-20T21:51:00.000Z
109,FREE,0.91,2026-06-21T18:52:00.000Z
109,FREE,0.79,2026-06-21T18:58:00.000Z
109,OCCUPIED,0.95,2026-06-22T09:57:00.000Z
109,OCCUPIED,0.81,2026-06-23T12:02:00.000Z
109,OCCUPIED,1.44,2026-06-24T12:44:00.000Z
109,OCCUPIED,1.40,2026-06-24T09:10:00.000Z
109,FREE,1.29,2026-06-25T19:58:00.000Z
109,FREE,0.79,2026-06-26T14:25:00.000Z
109,OCCUPIED,0.97,2026-06-26T18:47:00.000Z
109,FREE,1.32,2026-06-27T13:59:00.000Z
109,FREE,1.27,2026-06-28T12:27:00.000Z
109,OCCUPIED,1.46,2026-06-30T13:11:00.000Z
109,OCCUPIED,1.35,2026-07-01T17:23:00.000Z
109,OCCUPIED,0.58,2026-07-03T09:42:00.000Z
109,FREE,1.07,2026-07-06T15:05:00.000Z
109,OCCUPIED,0.97,2026-07-07T18:17:00.000Z
109,FREE,1.46,2026-07-07T17:47:00.000Z
109,FREE,1.40,2026-07-09T11:07:00.000Z
109,FREE,0.72,2026-07-10T13:07:00.000Z
109,OCCUPIED,0.69,2026-07-10T17:29:00.000Z
109,FREE,1.45,2026-07-13T19:11:00.000Z
109,FREE,1.03,2026-07-14T10:41:00.000Z
109,OCCUPIED,0.76,2026-07-14T10:08:00.000Z
109,OCCUPIED,0.86,2026-07-15T10:23:00.000Z
109,OCCUPIED,1.19,2026-07-16T13:56:00.000Z
109,FREE,1.07,2026-07-19T07:46:00.000Z
109,FREE,0.90,2026-07-20T13:43:00.000Z
109,FREE,1.41,2026-07-20T18:24:00.000Z
109,OCCUPIED,0.68,2026-07-21T18:54:00.000Z
109,FREE,1.39,2026-07-21T12:53:00.000Z
109,FREE,1.29,2026-07-22T08:43:00.000Z
109,FREE,1.42,2026-07-23T18:43:00.000Z
109,OCCUPIED,0.56,2026-07-24T17:12:00.000Z
109,OCCUPIED,1.19,2026-07-25T13:48:00.000Z
109,OCCUPIED,0.58,2026-07-26T12:21:00.000Z
109,FREE,1.26,2026-07-26T18:39:00.000Z
110,OCCUPIED,1.14,2026-06-01T15:38:00.000Z
110,FREE,0.52,2026-06-02T13:27:00.000Z
110,OCCUPIED,1.32,2026-06-02T11:15:00.000Z
110,FREE,0.68,2026-06-04T21:34:00.000Z
110,FREE,1.14,2026-06-05T10:26:00.000Z
110,FREE,1.37,2026-06-05T20:43:00.000Z
110,FREE,0.61,2026-06-06T07:35:00.000Z
110,FREE,0.83,2026-06-07T11:12:00.000Z
110,FREE,0.83,2026-06-08T09:42:00.000Z
110,FREE,1.35,2026-06-08T20:33:00.000Z
110,OCCUPIED,1.42,2026-06-09T08:19:00.000Z
110,FREE,1.11,2026-06-10T18:51:00.000Z
110,OCCUPIED,0.84,2026-06-11T21:19:00.000Z
110,FREE,1.02,2026-06-12T21:40:00.000Z
110,OCCUPIED,1.49,2026-06-13T13:56:00.000Z
110,FREE,1.00,2026-06-13T09:31:00.000Z
110,OCCUPIED,1.06,2026-06-15T17:28:00.000Z
110,OCCUPIED,1.06,2026-06-16T11:07:00.000Z
110,FREE,0.50,2026-06-17T18:40:00.000Z
110,OCCUPIED,1.20,2026-06-17T12:31:00.000Z
110,OCCUPIED,1.13,2026-06-19T21:16:00.000Z
110,FREE,1.13,2026-06-19T07:09:00.000Z
110,OCCUPIED,1.43,2026-06-22T11:39:00.000Z
110,OCCUPIED,0.74,2026-06-23T16:57:00.000Z
110,OCCUPIED,0.72,2026-06-26T20:18:00.000Z
110,OCCUPIED,1.08,2026-06-27T19:40:00.000Z
110,OCCUPIED,1.39,2026-06-27T16:46:00.000Z
110,FREE,0.93,2026-06-28T13:47:00.000Z
110,FREE,0.94,2026-06-28T17:11:00.000Z
110,FREE,0.93,2026-06-29T22:18:00.000Z
110,FREE,0.63,2026-06-30T14:52:00.000Z
110,OCCUPIED,0.86,2026-07-01T09:34:00.000Z
110,FREE,1.32,2026-07-02T11:02:00.000Z
110,OCCUPIED,1.26,2026-07-04T17:14:00.000Z
110,OCCUPIED,0.75,2026-07-05T22:02:00.000Z
110,FREE,1.24,2026-07-07T15:43:00.000Z
110,OCCUPIED,1.31,2026-07-11T09:19:00.000Z
110,FREE,0.83,2026-07-12T16:36:00.000Z
110,OCCUPIED,0.80,2026-07-14T19:49:00.000Z
110,OCCUPIED,1.05,2026-07-16T13:47:00.000Z
110,OCCUPIED,0.54,2026-07-17T13:22:00.000Z
110,OCCUPIED,1.23,2026-07-18T20:01:00.000Z
110,FREE,0.93,2026-07-19T16:36:00.000Z
110,OCCUPIED,1.29,2026-07-20T12:07:00.000Z
110,FREE,0.81,2026-07-21T21:30:00.000Z
110,FREE,0.64,2026-07-22T12:55:00.000Z
110,OCCUPIED,1.29,2026-07-22T12:53:00.000Z
110,OCCUPIED,1.33,2026-07-25T13:40:00.000Z
110,FREE,0.95,2026-07-26T12:15:00.000Z
111,FREE,1.30,2026-06-02T20:59:00.000Z
111,FREE,1.47,2026-06-05T10:21:00.000Z
111,FREE,0.77,2026-06-06T19:37:00.000Z
111,OCCUPIED,1.37,2026-06-07T21:07:00.000Z
111,FREE,1.48,2026-06-10T18:47:00.000Z
111,FREE,0.99,2026-06-11T16:05:00.000Z
111,OCCUPIED,1.03,2026-06-11T16:30:00.000Z
111,FREE,0.84,2026-06-14T11:01:00.000Z
111,FREE,1.22,2026-06-16T08:02:00.000Z
111,OCCUPIED,1.50,2026-06-17T13:04:00.000Z
111,FREE,1.14,2026-06-18T13:00:00.000Z
111,OCCUPIED,0.81,2026-06-19T10:47:00.000Z
111,FREE,1.37,2026-06-22T19:17:00.000Z
111,OCCUPIED,0.76,2026-06-24T12:24:00.000Z
111,FREE,0.89,2026-06-25T20:01:00.000Z
111,FREE,1.20,2026-06-25T16:51:00.000Z
111,OCCUPIED,0.65,2026-06-26T11:38:00.000Z
111,FREE,0.51,2026-06-27T08:42:00.000Z
111,FREE,1.02,2026-06-29T13:38:00.000Z
111,FREE,0.79,2026-06-30T22:19:00.000Z
111,OCCUPIED,1.18,2026-06-30T12:47:00.000Z
111,OCCUPIED,1.43,2026-07-03T21:19:00.000Z
111,FREE,0.61,2026-07-04T22:24:00.000Z
111,OCCUPIED,0.69,2026-07-05T12:17:00.000Z
111,FREE,0.64,2026-07-05T22:01:00.000Z
111,FREE,1.04,2026-07-07T21:50:00.000Z
111,OCCUPIED,1.40,2026-07-08T12:25:00.000Z
111,FREE,0.54,2026-07-09T14:20:00.000Z
111,OCCUPIED,1.01,2026-07-09T10:20:00.000Z
111,OCCUPIED,1.45,2026-07-12T07:43:00.000Z
111,OCCUPIED,1.27,2026-07-13T11:32:00.000Z
111,OCCUPIED,1.31,2026-07-13T19:43:00.000Z
111,OCCUPIED,1.04,2026-07-14T18:30:00.000Z
111,OCCUPIED,1.19,2026-07-15T19:16:00.000Z
111,FREE,1.20,2026-07-16T09:50:00.000Z
111,OCCUPIED,0.63,2026-07-16T11:23:00.000Z
111,FREE,1.18,2026-07-19T17:55:00.000Z
111,OCCUPIED,0.51,2026-07-21T09:30:00.000Z
111,FREE,0.75,2026-07-22T18:36:00.000Z
111,OCCUPIED,1.32,2026-07-22T09:09:00.000Z
111,OCCUPIED,0.58,2026-07-23T18:05:00.000Z
111,FREE,0.88,2026-07-24T19:04:00.000Z
111,OCCUPIED,0.87,2026-07-25T12:12:00.000Z
111,OCCUPIED,0.64,2026-07-26T13:47:00.000Z
112,OCCUPIED,1.05,2026-06-03T19:25:00.000Z
112,OCCUPIED,0.96,2026-06-05T07:50:00.000Z
112,OCCUPIED,1.31,2026-06-06T19:28:00.000Z
112,OCCUPIED,0.71,2026-06-07T22:36:00.000Z
112,FREE,0.53,2026-06-07T19:30:00.000Z
112,FREE,0.87,2026-06-10T15:55:00.000Z
112,OCCUPIED,1.17,2026-06-11T09:30:00.000Z
112,OCCUPIED,1.11,2026-06-12T21:06:00.000Z
112,OCCUPIED,1.25,2026-06-13T15:05:00.000Z
112,FREE,0.58,2026-06-15T19:28:00.000Z
112,FREE,0.85,2026-06-16T11:18:00.000Z
112,FREE,1.01,2026-06-17T12:18:00.000Z
112,FREE,0.94,2026-06-18T10:58:00.000Z
112,FREE,1.02,2026-06-19T14:56:00.000Z
112,OCCUPIED,0.95,2026-06-19T15:58:00.000Z
112,OCCUPIED,1.47,2026-06-20T11:03:00.000Z
112,OCCUPIED,1.35,2026-06-21T12:16:00.000Z
112,FREE,1.23,2026-06-21T12:33:00.000Z
112,OCCUPIED,0.85,2026-06-23T08:44:00.000Z
112,OCCUPIED,1.23,2026-06-24T19:49:00.000Z
112,FREE,0.54,2026-06-24T10:02:00.000Z
112,OCCUPIED,1.28,2026-06-27T16:37:00.000Z
112,OCCUPIED,0.62,2026-06-28T07:54:00.000Z
112,OCCUPIED,1.12,2026-06-29T09:18:00.000Z
112,FREE,0.77,2026-06-30T16:03:00.000Z
112,OCCUPIED,0.52,2026-07-03T18:13:00.000Z
112,FREE,1.43,2026-07-04T09:27:00.000Z
112,FREE,1.30,2026-07-06T17:53:00.000Z
112,OCCUPIED,1.22,2026-07-09T10:35:00.000Z
112,FREE,1.33,2026-07-10T09:37:00.000Z
112,OCCUPIED,0.68,2026-07-11T12:24:00.000Z
112,OCCUPIED,0.90,2026-07-11T11:08:00.000Z
112,FREE,0.79,2026-07-12T09:57:00.000Z
112,FREE,0.64,2026-07-16T14:19:00.000Z
112,OCCUPIED,0.86,2026-07-17T15:44:00.000Z
112,FREE,1.07,2026-07-17T08:15:00.000Z
112,OCCUPIED,1.13,2026-07-18T14:19:00.000Z
112,OCCUPIED,0.89,2026-07-19T17:27:00.000Z
112,OCCUPIED,1.28,2026-07-21T18:48:00.000Z
112,OCCUPIED,1.07,2026-07-21T17:39:00.000Z
112,OCCUPIED,0.92,2026-07-22T09:09:00.000Z
112,OCCUPIED,0.58,2026-07-22T17:51:00.000Z
112,OCCUPIED,0.73,2026-07-23T20:21:00.000Z
112,FREE,1.43,2026-07-23T19:38:00.000Z
112,OCCUPIED,1.37,2026-07-24T10:47:00.000Z
112,FREE,0.71,2026-07-25T20:34:00.000Z
112,FREE,0.95,2026-07-26T08:45:00.000Z
113,OCCUPIED,0.90,2026-06-01T10:03:00.000Z
113,OCCUPIED,1.45,2026-06-02T09:46:00.000Z
113,OCCUPIED,0.78,2026-06-03T16:29:00.000Z
113,FREE,1.27,2026-06-05T19:14:00.000Z
113,FREE,0.55,2026-06-06T12:55:00.000Z
113,FREE,0.84,2026-06-08T15:17:00.000Z
113,OCCUPIED,0.91,2026-06-10T13:16:00.000Z
113,FREE,1.33,2026-06-11T07:09:00.000Z
113,OCCUPIED,0.71,2026-06-11T11:01:00.000Z
113,OCCUPIED,1.27,2026-06-12T11:51:00.000Z
113,FREE,0.77,2026-06-13T11:17:00.000Z
113,OCCUPIED,0.67,2026-06-15T11:56:00.000Z
113,OCCUPIED,0.76,2026-06-16T21:36:00.000Z
113,OCCUPIED,0.68,2026-06-17T13:42:00.000Z
113,OCCUPIED,0.77,2026-06-18T16:49:00.000Z
113,FREE,0.98,2026-06-18T20:42:00.000Z
113,FREE,0.92,2026-06-19T07:48:00.000Z
113,OCCUPIED,0.54,2026-06-19T09:08:00.000Z
113,OCCUPIED,0.55,2026-06-20T17:04:00.000Z
113,FREE,0.87,2026-06-21T13:59:00.000Z
113,OCCUPIED,0.97,2026-06-23T11:06:00.000Z
113,OCCUPIED,1.20,2026-06-23T09:05:00.000Z
113,OCCUPIED,0.61,2026-06-26T18:06:00.000Z
113,FREE,0.66,2026-06-27T07:36:00.000Z
113,OCCUPIED,0.72,2026-06-28T12:51:00.000Z
113,OCCUPIED,1.11,2026-06-29T11:27:00.000Z
113,OCCUPIED,0.60,2026-07-03T16:09:00.000Z
113,OCCUPIED,0.70,2026-07-04T20:17:00.000Z
113,OCCUPIED,0.55,2026-07-04T10:53:00.000Z
113,FREE,0.79,2026-07-05T20:30:00.000Z
113,OCCUPIED,0.86,2026-07-06T12:37:00.000Z
113,FREE,0.62,2026-07-07T22:30:00.000Z
113,OCCUPIED,1.28,2026-07-08T10:07:00.000Z
113,FREE,0.73,2026-07-08T07:32:00.000Z
113,OCCUPIED,0.98,2026-07-09T11:46:00.000Z
113,OCCUPIED,0.64,2026-07-13T08:44:00.000Z
113,FREE,0.89,2026-07-15T07:53:00.000Z
113,OCCUPIED,1.29,2026-07-16T10:47:00.000Z
113,OCCUPIED,0.87,2026-07-17T09:46:00.000Z
113,OCCUPIED,1.48,2026-07-18T14:55:00.000Z
113,OCCUPIED,1.39,2026-07-21T09:44:00.000Z
113,OCCUPIED,0.89,2026-07-22T15:52:00.000Z
113,OCCUPIED,0.73,2026-07-23T12:41:00.000Z
113,OCCUPIED,0.87,2026-07-23T10:07:00.000Z
113,OCCUPIED,0.88,2026-07-26T09:10:00.000Z
113,OCCUPIED,0.55,2026-07-26T15:10:00.000Z
114,OCCUPIED,0.80,2026-06-01T15:17:00.000Z
114,FREE,0.93,2026-06-02T09:07:00.000Z
114,FREE,0.92,2026-06-03T15:23:00.000Z
114,OCCUPIED,1.39,2026-06-03T21:15:00.000Z
114,FREE,1.12,2026-06-04T13:24:00.000Z
114,FREE,0.50,2026-06-04T09:13:00.000Z
114,FREE,1.42,2026-06-05T12:08:00.000Z
114,OCCUPIED,1.19,2026-06-05T11:09:00.000Z
114,OCCUPIED,0.82,2026-06-06T22:15:00.000Z
114,FREE,0.96,2026-06-07T17:50:00.000Z
114,FREE,0.99,2026-06-07T17:52:00.000Z
114,FREE,0.50,2026-06-08T13:15:00.000Z
114,OCCUPIED,0.55,2026-06-11T17:59:00.000Z
114,OCCUPIED,0.97,2026-06-12T19:29:00.000Z
114,OCCUPIED,0.58,2026-06-13T12:20:00.000Z
114,OCCUPIED,1.25,2026-06-14T18:17:00.000Z
114,OCCUPIED,0.74,2026-06-17T17:20:00.000Z
114,OCCUPIED,1.49,2026-06-19T15:30:00.000Z
114,OCCUPIED,1.47,2026-06-20T10:54:00.000Z
114,FREE,0.68,2026-06-22T08:27:00.000Z
114,OCCUPIED,0.98,2026-06-23T22:59:00.000Z
114,FREE,0.71,2026-06-23T17:11:00.000Z
114,OCCUPIED,0.77,2026-06-24T13:29:00.000Z
114,FREE,0.99,2026-06-25T16:52:00.000Z
114,OCCUPIED,0.69,2026-06-27T10:20:00.000Z
114,OCCUPIED,1.12,2026-06-29T10:22:00.000Z
114,FREE,0.80,2026-06-30T21:30:00.000Z
114,FREE,0.58,2026-06-30T13:28:00.000Z
114,OCCUPIED,0.69,2026-07-01T18:53:00.000Z
114,FREE,1.08,2026-07-02T17:39:00.000Z
114,FREE,1.05,2026-07-02T07:10:00.000Z
114,FREE,0.90,2026-07-04T16:56:00.000Z
114,FREE,1.39,2026-07-05T09:51:00.000Z
114,OCCUPIED,0.74,2026-07-05T12:56:00.000Z
114,OCCUPIED,1.12,2026-07-08T11:18:00.000Z
114,FREE,0.82,2026-07-09T22:02:00.000Z
114,OCCUPIED,0.69,2026-07-09T11:55:00.000Z
114,OCCUPIED,1.40,2026-07-10T19:55:00.000Z
114,FREE,1.30,2026-07-10T11:30:00.000Z
114,FREE,0.67,2026-07-11T13:36:00.000Z
114,FREE,0.95,2026-07-14T16:36:00.000Z
114,OCCUPIED,0.79,2026-07-17T12:02:00.000Z
114,OCCUPIED,1.47,2026-07-18T14:28:00.000Z
114,FREE,1.50,2026-07-19T08:11:00.000Z
114,FREE,0.80,2026-07-21T10:52:00.000Z
114,FREE,1.48,2026-07-22T14:33:00.000Z
114,FREE,0.96,2026-07-24T17:20:00.000Z
114,OCCUPIED,1.35,2026-07-26T17:16:00.000Z
115,FREE,0.87,2026-06-01T12:23:00.000Z
115,OCCUPIED,0.72,2026-06-02T17:53:00.000Z
115,OCCUPIED,1.19,2026-06-05T13:48:00.000Z
115,OCCUPIED,0.76,2026-06-06T13:01:00.000Z
115,FREE,1.33,2026-06-07T16:33:00.000Z
115,FREE,1.22,2026-06-08T16:31:00.000Z
115,OCCUPIED,1.13,2026-06-09T19:15:00.000Z
115,OCCUPIED,0.98,2026-06-10T12:28:00.000Z
115,OCCUPIED,0.61,2026-06-12T13:23:00.000Z
115,OCCUPIED,0.80,2026-06-13T19:37:00.000Z
115,FREE,1.23,2026-06-14T19:02:00.000Z
115,OCCUPIED,0.92,2026-06-17T10:21:00.000Z
115,OCCUPIED,1.27,2026-06-18T21:56:00.000Z
115,FREE,0.98,2026-06-20T21:27:00.000Z
115,FREE,0.51,2026-06-21T16:35:00.000Z
115,FREE,1.39,2026-06-21T13:59:00.000Z
115,FREE,0.63,2026-06-22T22:43:00.000Z
115,FREE,0.81,2026-06-23T19:41:00.000Z
115,OCCUPIED,0.70,2026-06-23T13:18:00.000Z
115,OCCUPIED,1.23,2026-06-26T09:27:00.000Z
115,FREE,0.90,2026-06-27T19:24:00.000Z
115,FREE,0.81,2026-06-28T17:21:00.000Z
115,OCCUPIED,0.81,2026-06-29T09:44:00.000Z
115,OCCUPIED,1.03,2026-07-02T08:46:00.000Z
115,OCCUPIED,1.47,2026-07-04T13:08:00.000Z
115,FREE,1.47,2026-07-05T15:25:00.000Z
115,OCCUPIED,0.69,2026-07-06T14:38:00.000Z
115,OCCUPIED,0.64,2026-07-07T12:37:00.000Z
115,OCCUPIED,1.05,2026-07-08T17:42:00.000Z
115,FREE,0.80,2026-07-08T17:35:00.000Z
115,OCCUPIED,1.16,2026-07-11T11:17:00.000Z
115,FREE,0.59,2026-07-14T12:23:00.000Z
115,OCCUPIED,0.58,2026-07-14T17:51:00.000Z
115,OCCUPIED,1.35,2026-07-15T19:17:00.000Z
115,FREE,0.83,2026-07-15T16:57:00.000Z
115,OCCUPIED,1.19,2026-07-16T11:17:00.000Z
115,FREE,1.22,2026-07-16T09:56:00.000Z
115,OCCUPIED,0.93,2026-07-17T11:42:00.000Z
115,OCCUPIED,1.29,2026-07-18T13:33:00.000Z
115,FREE,0.95,2026-07-19T22:32:00.000Z
115,OCCUPIED,0.51,2026-07-21T08:26:00.000Z
115,OCCUPIED,1.44,2026-07-23T13:01:00.000Z
115,OCCUPIED,0.72,2026-07-25T11:59:00.000Z
115,FREE,1.44,2026-07-26T19:13:00.000Z
116,OCCUPIED,0.60,2026-06-01T08:41:00.000Z
116,OCCUPIED,1.23,2026-06-02T10:40:00.000Z
116,FREE,0.67,2026-06-03T13:46:00.000Z
116,FREE,0.99,2026-06-04T14:30:00.000Z
116,OCCUPIED,0.71,2026-06-06T15:52:00.000Z
116,OCCUPIED,1.42,2026-06-06T09:34:00.000Z
116,FREE,1.28,2026-06-07T17:58:00.000Z
116,FREE,0.71,2026-06-08T15:36:00.000Z
116,OCCUPIED,0.95,2026-06-10T10:03:00.000Z
116,FREE,0.69,2026-06-11T18:33:00.000Z
116,OCCUPIED,0.89,2026-06-12T18:07:00.000Z
116,FREE,1.34,2026-06-13T16:09:00.000Z
116,FREE,1.42,2026-06-14T10:40:00.000Z
116,OCCUPIED,0.81,2026-06-15T19:16:00.000Z
116,FREE,1.32,2026-06-18T18:57:00.000Z
116,OCCUPIED,0.73,2026-06-19T12:29:00.000Z
116,FREE,0.84,2026-06-20T15:38:00.000Z
116,FREE,0.62,2026-06-21T10:26:00.000Z
116,OCCUPIED,0.68,2026-06-22T08:40:00.000Z
116,OCCUPIED,1.45,2026-06-22T12:20:00.000Z
116,OCCUPIED,1.46,2026-06-24T14:44:00.000Z
116,FREE,1.45,2026-06-25T08:20:00.000Z
116,FREE,0.92,2026-06-26T12:19:00.000Z
116,OCCUPIED,1.30,2026-06-28T11:38:00.000Z
116,OCCUPIED,0.78,2026-06-29T12:17:00.000Z
116,FREE,1.36,2026-06-30T22:22:00.000Z
116,FREE,0.68,2026-07-01T18:22:00.000Z
116,OCCUPIED,1.24,2026-07-02T12:18:00.000Z
116,FREE,1.16,2026-07-02T09:17:00.000Z
116,FREE,1.50,2026-07-04T14:07:00.000Z
116,FREE,0.80,2026-07-05T19:16:00.000Z
116,FREE,1.34,2026-07-06T09:34:00.000Z
116,OCCUPIED,1.09,2026-07-07T17:52:00.000Z
116,FREE,0.78,2026-07-09T09:25:00.000Z
116,FREE,1.39,2026-07-10T15:54:00.000Z
116,OCCUPIED,0.55,2026-07-12T14:49:00.000Z
116,FREE,0.78,2026-07-13T16:21:00.000Z
116,FREE,0.92,2026-07-14T13:17:00.000Z
116,OCCUPIED,0.51,2026-07-14T11:02:00.000Z
116,OCCUPIED,0.96,2026-07-15T13:34:00.000Z
116,OCCUPIED,1.27,2026-07-17T12:03:00.000Z
116,FREE,0.76,2026-07-19T07:34:00.000Z
116,OCCUPIED,0.83,2026-07-21T15:55:00.000Z
116,OCCUPIED,1.13,2026-07-22T16:08:00.000Z
116,OCCUPIED,0.87,2026-07-23T18:21:00.000Z
116,OCCUPIED,0.60,2026-07-25T18:13:00.000Z
116,FREE,1.37,2026-07-26T13:09:00.000Z
116,FREE,1.07,2026-07-26T13:17:00.000Z
117,FREE,0.67,2026-06-01T19:49:00.000Z
117,FREE,1.25,2026-06-04T22:44:00.000Z
117,FREE,0.63,2026-06-07T10:12:00.000Z
117,FREE,0.55,2026-06-09T21:10:00.000Z
117,FREE,0.54,2026-06-10T18:58:00.000Z
117,OCCUPIED,0.75,2026-06-12T18:21:00.000Z
117,OCCUPIED,1.17,2026-06-12T08:23:00.000Z
117,FREE,1.23,2026-06-15T12:28:00.000Z
117,OCCUPIED,0.90,2026-06-15T17:24:00.000Z
117,OCCUPIED,1.13,2026-06-17T12:23:00.000Z
117,OCCUPIED,1.49,2026-06-18T13:33:00.000Z
117,OCCUPIED,0.63,2026-06-19T10:12:00.000Z
117,OCCUPIED,0.91,2026-06-22T11:27:00.000Z
117,OCCUPIED,1.07,2026-06-23T19:52:00.000Z
117,FREE,1.08,2026-06-23T15:39:00.000Z
117,FREE,1.20,2026-06-25T19:26:00.000Z
117,OCCUPIED,1.23,2026-06-26T21:05:00.000Z
117,FREE,1.14,2026-06-29T12:42:00.000Z
117,OCCUPIED,1.17,2026-06-30T12:04:00.000Z
117,OCCUPIED,0.78,2026-06-30T07:07:00.000Z
117,OCCUPIED,1.26,2026-07-02T17:32:00.000Z
117,FREE,1.14,2026-07-03T11:53:00.000Z
117,FREE,1.35,2026-07-04T09:47:00.000Z
117,OCCUPIED,0.94,2026-07-06T11:20:00.000Z
117,OCCUPIED,1.24,2026-07-07T11:27:00.000Z
117,OCCUPIED,1.33,2026-07-07T19:25:00.000Z
117,FREE,0.75,2026-07-09T14:08:00.000Z
117,OCCUPIED,1.27,2026-07-10T18:41:00.000Z
117,OCCUPIED,0.86,2026-07-11T11:20:00.000Z
117,FREE,0.60,2026-07-12T18:02:00.000Z
117,FREE,0.85,2026-07-13T17:23:00.000Z
117,OCCUPIED,0.73,2026-07-14T09:53:00.000Z
117,OCCUPIED,0.58,2026-07-15T09:15:00.000Z
117,OCCUPIED,0.96,2026-07-15T18:44:00.000Z
117,OCCUPIED,0.88,2026-07-16T09:35:00.000Z
117,OCCUPIED,1.47,2026-07-17T10:57:00.000Z
117,FREE,0.84,2026-07-21T17:06:00.000Z
117,OCCUPIED,0.99,2026-07-22T19:52:00.000Z
117,OCCUPIED,0.62,2026-07-24T18:47:00.000Z
117,FREE,1.02,2026-07-25T14:28:00.000Z
117,OCCUPIED,1.25,2026-07-26T22:49:00.000Z
118,FREE,1.15,2026-06-01T19:24:00.000Z
118,FREE,0.53,2026-06-02T13:38:00.000Z
118,FREE,0.88,2026-06-03T15:39:00.000Z
118,OCCUPIED,1.34,2026-06-04T09:42:00.000Z
118,FREE,0.55,2026-06-05T14:38:00.000Z
118,OCCUPIED,0.74,2026-06-05T18:40:00.000Z
118,FREE,1.04,2026-06-08T09:29:00.000Z
118,OCCUPIED,1.01,2026-06-09T15:46:00.000Z
118,FREE,1.42,2026-06-10T15:17:00.000Z
118,FREE,1.07,2026-06-12T18:14:00.000Z
118,OCCUPIED,0.99,2026-06-12T18:19:00.000Z
118,OCCUPIED,1.26,2026-06-18T09:37:00.000Z
118,FREE,0.79,2026-06-18T16:52:00.000Z
118,FREE,1.23,2026-06-21T11:01:00.000Z
118,OCCUPIED,1.38,2026-06-25T21:21:00.000Z
118,OCCUPIED,0.95,2026-06-27T13:24:00.000Z
118,FREE,1.35,2026-06-28T13:40:00.000Z
118,FREE,1.21,2026-06-29T14:20:00.000Z
118,OCCUPIED,0.50,2026-07-01T19:33:00.000Z
118,FREE,1.49,2026-07-03T21:48:00.000Z
118,FREE,0.71,2026-07-04T08:27:00.000Z
118,FREE,0.98,2026-07-04T16:16:00.000Z
118,FREE,0.53,2026-07-05T15:43:00.000Z
118,FREE,1.27,2026-07-06T08:44:00.000Z
118,FREE,0.77,2026-07-07T12:06:00.000Z
118,FREE,1.44,2026-07-10T09:09:00.000Z
118,FREE,1.46,2026-07-11T20:34:00.000Z
118,FREE,0.63,2026-07-12T15:55:00.000Z
118,OCCUPIED,1.05,2026-07-13T10:14:00.000Z
118,OCCUPIED,1.42,2026-07-14T19:39:00.000Z
118,OCCUPIED,0.82,2026-07-15T16:27:00.000Z
118,OCCUPIED,0.56,2026-07-18T11:39:00.000Z
118,OCCUPIED,1.17,2026-07-21T18:13:00.000Z
118,FREE,1.43,2026-07-22T09:52:00.000Z
118,FREE,0.85,2026-07-23T07:49:00.000Z
118,FREE,1.13,2026-07-24T09:14:00.000Z
118,FREE,0.67,2026-07-24T12:49:00.000Z
118,FREE,1.22,2026-07-25T11:08:00.000Z
118,FREE,1.45,2026-07-26T22:11:00.000Z
119,FREE,1.06,2026-06-01T18:50:00.000Z
119,OCCUPIED,0.65,2026-06-03T13:51:00.000Z
119,OCCUPIED,1.31,2026-06-04T12:22:00.000Z
119,OCCUPIED,0.75,2026-06-08T09:51:00.000Z
119,OCCUPIED,0.78,2026-06-09T12:33:00.000Z
119,OCCUPIED,0.63,2026-06-09T08:07:00.000Z
119,OCCUPIED,1.31,2026-06-10T13:04:00.000Z
119,OCCUPIED,0.79,2026-06-12T19:49:00.000Z
119,OCCUPIED,0.53,2026-06-13T10:34:00.000Z
119,FREE,1.39,2026-06-14T16:05:00.000Z
119,OCCUPIED,0.74,2026-06-18T09:39:00.000Z
119,FREE,1.34,2026-06-19T14:07:00.000Z
119,OCCUPIED,0.98,2026-06-20T07:03:00.000Z
119,OCCUPIED,0.59,2026-06-22T15:22:00.000Z
119,FREE,0.95,2026-06-23T07:10:00.000Z
119,OCCUPIED,0.91,2026-06-24T07:04:00.000Z
119,FREE,0.90,2026-06-25T14:37:00.000Z
119,OCCUPIED,1.13,2026-06-28T17:24:00.000Z
119,FREE,0.75,2026-06-28T12:12:00.000Z
119,OCCUPIED,0.96,2026-06-29T09:01:00.000Z
119,OCCUPIED,1.06,2026-06-30T16:24:00.000Z
119,FREE,1.44,2026-07-01T12:22:00.000Z
119,FREE,0.50,2026-07-02T15:22:00.000Z
119,OCCUPIED,0.54,2026-07-03T11:57:00.000Z
119,OCCUPIED,0.58,2026-07-03T12:41:00.000Z
119,FREE,1.28,2026-07-04T08:29:00.000Z
119,OCCUPIED,1.16,2026-07-06T14:27:00.000Z
119,OCCUPIED,1.10,2026-07-07T10:29:00.000Z
119,OCCUPIED,1.16,2026-07-07T13:06:00.000Z
119,OCCUPIED,1.15,2026-07-10T17:44:00.000Z
119,OCCUPIED,0.59,2026-07-11T19:36:00.000Z
119,OCCUPIED,0.70,2026-07-12T19:29:00.000Z
119,OCCUPIED,0.59,2026-07-15T15:45:00.000Z
119,OCCUPIED,0.51,2026-07-17T13:02:00.000Z
119,OCCUPIED,1.00,2026-07-20T13:12:00.000Z
119,OCCUPIED,1.20,2026-07-20T17:42:00.000Z
119,OCCUPIED,1.46,2026-07-22T18:29:00.000Z
119,OCCUPIED,1.01,2026-07-23T19:36:00.000Z
119,FREE,1.47,2026-07-26T10:36:00.000Z
120,OCCUPIED,1.39,2026-06-02T13:48:00.000Z
120,FREE,1.39,2026-06-03T22:50:00.000Z
120,FREE,0.87,2026-06-04T08:08:00.000Z
120,OCCUPIED,0.58,2026-06-04T11:31:00.000Z
120,FREE,1.23,2026-06-05T08:27:00.000Z
120,OCCUPIED,0.68,2026-06-06T12:21:00.000Z
120,FREE,1.08,2026-06-07T11:46:00.000Z
120,FREE,0.94,2026-06-07T12:37:00.000Z
120,FREE,0.50,2026-06-09T13:15:00.000Z
120,FREE,0.65,2026-06-11T08:12:00.000Z
120,FREE,0.67,2026-06-13T07:48:00.000Z
120,FREE,1.38,2026-06-14T19:04:00.000Z
120,OCCUPIED,0.79,2026-06-15T19:16:00.000Z
120,OCCUPIED,0.70,2026-06-17T18:53:00.000Z
120,OCCUPIED,1.40,2026-06-18T10:55:00.000Z
120,FREE,1.02,2026-06-20T18:45:00.000Z
120,FREE,0.54,2026-06-21T09:08:00.000Z
120,OCCUPIED,0.77,2026-06-25T12:34:00.000Z
120,FREE,0.97,2026-06-26T14:01:00.000Z
120,FREE,0.51,2026-06-27T15:44:00.000Z
120,OCCUPIED,0.56,2026-06-28T18:44:00.000Z
120,FREE,1.31,2026-06-29T21:10:00.000Z
120,OCCUPIED,0.95,2026-07-02T07:22:00.000Z
120,OCCUPIED,0.64,2026-07-03T13:39:00.000Z
120,OCCUPIED,1.44,2026-07-04T17:49:00.000Z
120,OCCUPIED,1.36,2026-07-05T08:59:00.000Z
120,FREE,0.85,2026-07-05T20:29:00.000Z
120,FREE,0.69,2026-07-11T12:45:00.000Z
120,FREE,0.59,2026-07-13T08:08:00.000Z
120,OCCUPIED,0.58,2026-07-14T10:54:00.000Z
120,OCCUPIED,1.43,2026-07-15T10:28:00.000Z
120,FREE,1.44,2026-07-16T11:21:00.000Z
120,FREE,0.70,2026-07-17T15:15:00.000Z
120,FREE,0.54,2026-07-18T09:06:00.000Z
120,OCCUPIED,1.15,2026-07-20T19:29:00.000Z
120,FREE,0.74,2026-07-23T08:05:00.000Z
120,OCCUPIED,1.26,2026-07-24T21:31:00.000Z
120,OCCUPIED,1.17,2026-07-26T13:02:00.000Z
